ID,Business Name,City,Country,Timezone,Channel,Email,MX Host,Phone,Website,Rating,Reviews,Pitch Subject,Status
"lead_1790849080568_0_i8kc","Business","Hamburg","Germany","Europe/Berlin","contact_form","","","","https://www.spardaimmobilien.de/","4.9","0","quick question regarding Business's operations in Hamburg","queued"
"lead_1790849080570_15_uv04","Business","Dallas, TX","United States","America/Chicago","contact_form","","","","https://www.rescueairtx.com/","4.8","0","quick question regarding Business's operations in Dallas, TX","queued"
"lead_apollo_1790849157507_0","Samir El-Alami (doctorly)","Berlin","Germany","Europe/Berlin","email","samir@doctorly.de","aspmx.l.google.com","'+49 30 403647831","http://www.doctorly.de","5","1","quick question regarding doctorly's operations in Berlin","queued"
"lead_apollo_1790849159617_1","Jan-Martin Josten (shyftplan)","Berlin","Germany","Europe/Berlin","email","jan@shyftplan.com","aspmx.l.google.com","'+49 30 81305297","http://www.shyftplan.com","5","1","quick question regarding shyftplan's operations in Berlin","queued"
"lead_apollo_1790849161744_2","Ingo Reinhardt (Buynomics)","Cologne","Germany","Europe/Berlin","email","ingo.reinhardt@buynomics.com","aspmx.l.google.com","'+49 22 166952080","http://www.buynomics.com","5","1","quick question regarding Buynomics's operations in Cologne","queued"
"lead_apollo_1790849163920_3","Simon Wimmer (Ivy)","Munich","Germany","Europe/Berlin","email","simon.wimmer@getivy.de","aspmx.l.google.com","'+49 176 81789549","http://www.getivy.io","5","1","quick question regarding Ivy's operations in Munich","queued"
"lead_apollo_1790849166014_4","Janis Marquardt (ORDA)","Munich","Germany","Europe/Berlin","email","janis.marquardt@orda-app.com","aspmx.l.google.com","'+49 2151 449830","http://www.orda-app.com","5","1","quick question regarding ORDA's operations in Munich","queued"
"lead_apollo_1790849168266_5","Michael Siebers (Holidu)","Munich","Germany","Europe/Berlin","email","michael.siebers@holidu.com","aspmx.l.google.com","'+49 89 215571429","http://www.holidu.com","5","1","quick question regarding Holidu's operations in Munich","queued"
"lead_apollo_1790849174303_6","Tim Zheng (Apollo)","San Francisco","United States","America/New_York","email","tim@apollo.io","aspmx.l.google.com","'+1 415-640-9303","http://www.apollo.io","5","1","quick question regarding Apollo's operations in San Francisco","queued"
"lead_apollo_1790849176415_7","Prem Ramchand (Clic-Trade)","Bonn","Germany","Europe/Berlin","email","prem.ramchand@clictrade.de","mx01.ionos.de","'+49 0492 2039479300","http://www.clictrade.gmbh","5","1","quick question regarding Clic-Trade's operations in Bonn","queued"
"lead_apollo_1790849184847_8","Patrick Bartler (Peter Park)","Munich","Germany","Europe/Berlin","email","p.bartler@peter-park.de","aspmx.l.google.com","'+49 89 21536542","http://www.peter-park.de","5","1","quick question regarding Peter Park's operations in Munich","queued"
"lead_apollo_1790849191053_9","Brian O'Connor (rethink)","Berlin","Germany","Europe/Berlin","email","brian.oconnor@rethink-everything.net","mx.mail.dehosted.net","'+49 30 587089600","http://www.rethink.berlin","5","1","quick question regarding rethink's operations in Berlin","queued"
"lead_apollo_1790849193144_10","Tom Mueller (InsightAI)","Detroit","United States","America/New_York","email","t.mueller@insightai.de","aspmx.l.google.com","","http://www.insightai.de","5","1","quick question regarding InsightAI's operations in Detroit","queued"
"lead_apollo_1790849195276_11","Wladick Hartmann (Pixel Photonics)","Muenster","Germany","Europe/Berlin","email","wladick.hartmann@pixelphotonics.com","pixelphotonics-com.mail.protection.outlook.com","'+49 251 8363835","http://www.pixelphotonics.com","5","1","quick question regarding Pixel Photonics's operations in Muenster","queued"
"lead_apollo_1790849211964_13","Rene Schnellen (Fashion Cloud)","Hamburg","Germany","Europe/Berlin","email","rene.schnellen@fashion.cloud","aspmx.l.google.com","'+49 40 22862420","http://www.fashion.cloud","5","1","quick question regarding Fashion Cloud's operations in Hamburg","queued"
"lead_apollo_1790849214064_14","Baiju R. (CANKADO)","Cologne","Germany","Europe/Berlin","email","b.rahman@cankado.com","aspmx.l.google.com","","http://www.cankado.com","5","1","quick question regarding CANKADO's operations in Cologne","queued"
"lead_apollo_1790849216160_15","Guillem Sague (CarriedAI)","Berlin","Germany","Europe/Berlin","email","guillem.sague@carriedai.com","smtp.google.com","","http://www.carriedai.com","5","1","quick question regarding CarriedAI's operations in Berlin","queued"
"lead_apollo_1790849218253_16","Max Jensen (Berlin Cuisine)","Berlin","Germany","Europe/Berlin","email","max.jensen@berlin-cuisine.com","aspmx.l.google.com","'+49 89 416119880","http://www.berlin-cuisine.com","5","1","quick question regarding Berlin Cuisine's operations in Berlin","queued"
"lead_apollo_1790849226638_17","Hannes Aus (Smartecon OÜ // We are hiring!)","","Estonia","America/New_York","email","hannes@smartecon.ee","smartecon-ee.mail.protection.outlook.com","'+372 512 8115","http://www.smartecon.com","5","1","quick question regarding Smartecon OÜ // We are hiring!'s operations in Estonia","queued"
"lead_apollo_1790849228803_18","Kai Wawrzinek (Impossible Cloud)","Hamburg","Germany","Europe/Berlin","email","kwawrzinek@qubit9.com","aspmx.l.google.com","'+49 40 22859252","http://www.impossiblecloud.com","5","1","quick question regarding Impossible Cloud's operations in Hamburg","queued"
"lead_apollo_1790849234239_19","Alain Aun (Rendin)","","Estonia","America/New_York","email","alain@rendin.co","aspmx.l.google.com","'+372 600 5010","http://www.rendin.ee","5","1","quick question regarding Rendin's operations in Estonia","queued"
"lead_apollo_1790849238631_21","Vlad Lata (Avi Medical)","Munich","Germany","Europe/Berlin","email","vlad.lata@avimedical.com","aspmx.l.google.com","'+49 89 125014550","http://www.avimedical.com","5","1","quick question regarding Avi Medical's operations in Munich","queued"
"lead_apollo_1790849240836_22","Shahrooz Chowdhury (Liven)","Sydney","Australia","Australia/Sydney","email","shahrooz@liven.love","aspmx.l.google.com","'+61 2 8311 5008","http://www.liven.love","5","1","quick question regarding Liven's operations in Sydney","queued"
"lead_apollo_1790849259492_23","Markus Scheffer (SD ENGINEERING)","Bochum","Germany","Europe/Berlin","email","scheffer@sd.engineering","mx01.socotec.de","'+49 23 492040","http://www.sd.engineering","5","1","quick question regarding SD ENGINEERING's operations in Bochum","queued"
"lead_apollo_1790849261642_25","Cynthia Haug (Rex)","","Germany","Europe/Berlin","email","cynthia.haug@rex.app","aspmx.l.google.com","54 9 11 4581-9300","http://www.somosrex.com","5","1","quick question regarding Rex's operations in Germany","queued"
"lead_apollo_1790849263823_26","Tilmann Volk (SuitePad)","Berlin","Germany","Europe/Berlin","email","tilmann.volk@suitepad.de","aspmx.l.google.com","'+49 30 319850000","http://www.suitepad.de","5","1","quick question regarding SuitePad's operations in Berlin","queued"
"lead_apollo_1790849265942_27","Paul Mayer (deepc)","Munich","Germany","Europe/Berlin","email","paul@deepc.ai","ASPMX.L.GOOGLE.COM","","http://www.deepc.ai","5","1","quick question regarding deepc's operations in Munich","queued"
"lead_apollo_1790849268119_28","Christian Bruderrek (yuri)","Weingarten","Germany","Europe/Berlin","email","christian.bruderrek@yurigravity.com","yurigravity-com.mail.protection.outlook.com","'+49 7542 5084954","http://www.yurigravity.com","5","1","quick question regarding yuri's operations in Weingarten","queued"
"lead_apollo_1790849282866_29","Sarah Fleischer (tozero)","Munich","Germany","Europe/Berlin","email","sarah@tozero.solutions","aspmx.l.google.com","","http://www.tozero.solutions","5","1","quick question regarding tozero's operations in Munich","queued"
"lead_apollo_1790849287343_30","Malte Schafstedde (eagle lsp)","Hamburg","Germany","Europe/Berlin","email","malte.schafstedde@eagle-lsp.de","eaglelsp-de01c.mail.protection.outlook.com","'+49 40 99997980","http://www.eagle-lsp.de","5","1","quick question regarding eagle lsp's operations in Hamburg","queued"
"lead_apollo_1790849289440_31","Mario Fuerst (Kloster Kitchen)","Reichenschwand","Germany","Europe/Berlin","email","mario.fuerst@klosterkitchen.com","klosterkitchen-com.mail.protection.outlook.com","'+49 1511 5634187","http://www.klosterkitchen.de","5","1","quick question regarding Kloster Kitchen's operations in Reichenschwand","queued"
"lead_apollo_1790849301905_32","Thomas Langenberg (stayFritz)","Schliersee","Germany","Europe/Berlin","email","thomas.langenberg@stayfritz.com","aspmx.l.google.com","","http://www.stayfritz.com","5","1","quick question regarding stayFritz's operations in Schliersee","queued"
"lead_apollo_1790849314040_33","Matthias Meiner (Lilium)","","Germany","Europe/Berlin","email","matthias@lilium.com","lilium-com.mail.protection.outlook.com","'+49 160 97046857","http://www.lilium.com","5","1","quick question regarding Lilium's operations in Germany","queued"
"lead_apollo_1790849316202_34","Raphael Derstappen (Kursinsel)","Berlin","Germany","Europe/Berlin","email","raphael@kursinsel.de","aspmx.l.google.com","","http://www.kursinsel.de","5","1","quick question regarding Kursinsel's operations in Berlin","queued"
"lead_apollo_1790849318334_35","Johannes Soerensen (ahead®)","Hamburg","Germany","Europe/Berlin","email","johannes@ahead-nutrition.com","aspmx.l.google.com","'+49 40 24862645","http://www.ahead-nutrition.com","5","1","quick question regarding ahead®'s operations in Hamburg","queued"
"lead_apollo_1790849320462_36","Manuel Kuder (BAVERTIS)","Munich","Germany","Europe/Berlin","email","manuel.kuder@bavertis.com","bavertis-com.mail.protection.outlook.com","","http://www.bavertis.com","5","1","quick question regarding BAVERTIS's operations in Munich","queued"
"lead_apollo_1790849322562_37","Max Soepper (AVILUS || We are hiring!)","Munich","Germany","Europe/Berlin","email","max.soepper@avilus.com","avilus-com.mail.protection.outlook.com","","http://www.avilus.com","5","1","quick question regarding AVILUS || We are hiring!'s operations in Munich","queued"
"lead_apollo_1790849324667_38","Johannes Nass (NativeResearch drw)","Hamburg","Germany","Europe/Berlin","email","johannes.nass@native-research.com","nativeresearch-com01e.mail.protection.outlook.com","","http://www.native-research.com","5","1","quick question regarding NativeResearch drw's operations in Hamburg","queued"
"lead_harv_1790849464890_38","Rescue Air and Plumbing","Dallas","United States","America/Chicago","contact_form","","","+1 972-201-3253","https://www.rescueairtx.com/","4.8","4072","quick question regarding Rescue Air and Plumbing's operations in Dallas","queued"
"lead_harv_1790849477210_39","Airtron Heating & Air Conditioning","Dallas","United States","America/Chicago","email","airtrondataprivacy@resservices.com","resservices-com.mail.protection.outlook.com","+1 214-556-6792","http://www.airtron.com/dallas/","4.8","5613","quick question regarding Airtron Heating & Air Conditioning's operations in Dallas","queued"
"lead_harv_1790849481236_40","Texas AirZone LLC","Dallas","United States","America/Chicago","contact_form","","","+1 214-851-3886","https://www.texasairzone.com/?utm_source=Google&utm_medium=GBP&utm_campaign=Organic_GBP_TAZ","4.9","902","quick question regarding Texas AirZone's operations in Dallas","queued"
"lead_harv_1790849488482_41","Harlen Johnson HVAC, Plumbing & Electrical","Dallas","United States","America/Chicago","email","sales@hjac.com","aspmx.l.google.com","+1 972-241-7771","https://hjac.com/?utm_campaign=gmb","4.8","1208","quick question regarding Harlen Johnson HVAC, Plumbing & Electrical's operations in Dallas","queued"
"lead_harv_1790849493668_42","Service Experts Dallas","Dallas","United States","America/Chicago","contact_form","","","+1 972-619-7607","https://www.serviceexperts.com/dallas-tx/?&utm_campaign=listing&utm_medium=organic_search&utm_source=gmb&utm_content=brand","4.8","6170","quick question regarding Service Experts Dallas's operations in Dallas","queued"
"lead_harv_1790849500399_43","Moss Heating, Cooling & Plumbing","Dallas","United States","America/Chicago","email","jsmith@gmail.com","gmail-smtp-in.l.google.com","+1 972-733-6802","https://www.askmoss.com/?utm_source=google&utm_medium=gbp-dallas&se_campaign=Ferocious-GBP","4.9","1206","quick question regarding Moss Heating, Cooling & Plumbing's operations in Dallas","queued"
"lead_harv_1790849507075_44","Astar Air Conditioning, Plumbing & Electric","Dallas","United States","America/Chicago","contact_form","","","+1 972-278-7111","https://astardfw.com/","4.8","2939","quick question regarding Astar Air Conditioning, Plumbing & Electric's operations in Dallas","queued"
"lead_harv_1790849511575_45","Dallas Heating and Air Conditioning","Dallas","United States","America/Chicago","email","service@dallasheatingac.com","dallasheatingac-com.mail.protection.outlook.com","+1 972-423-0012","http://www.dallasheatingac.com/","4.8","234","quick question regarding Dallas Heating and Air Conditioning's operations in Dallas","queued"
"lead_harv_1790849514076_46","Quality 1 Energy Systems Heating & Air Conditioning","Dallas","United States","America/Chicago","contact_form","","","+1 214-856-6489","https://www.q1es.com/","4.9","401","quick question regarding Quality 1 Energy Systems Heating & Air Conditioning's operations in Dallas","queued"
"lead_harv_1790849518229_47","Mondragon Mechanical LLC","Dallas","United States","America/Chicago","email","office@mondragonac.com","SMTP.GOOGLE.com","+1 972-214-7002","https://mondragonac.com/","4.8","556","quick question regarding Mondragon Mechanical's operations in Dallas","queued"
"lead_harv_1790849529076_48","Serveway Heating and Air Conditioning","Dallas","United States","America/Chicago","contact_form","","","+1 469-231-9379","https://www.servewayhvac.com/?utm_source=google&utm_medium=organic&utm_campaign=gbp","4.9","374","quick question regarding Serveway Heating and Air Conditioning's operations in Dallas","queued"
"lead_harv_1790849542522_49","Metro Air Conditioning Heating & Services","Dallas","United States","America/Chicago","email","info@metroacs.com","metroacs-com.mail.protection.outlook.com","+1 214-304-7658","https://www.metroacs.com/","4.8","425","quick question regarding Metro Air Conditioning Heating & Services's operations in Dallas","queued"
"lead_harv_1790849550065_50","Baker Brothers Plumbing, Air & Electric","Dallas","United States","America/Chicago","contact_form","","","+1 972-961-3447","https://bakerbrothersplumbing.com/?utm_campaign=gmb_bk-msq_home_everyone_gmb-mesquite&utm_medium=gmb&utm_source=google","4.8","24607","quick question regarding Baker Brothers Plumbing, Air & Electric's operations in Dallas","queued"
"lead_harv_1790849555961_51","Berkeys Plumbing, A/C & Electrical","Dallas","United States","America/Chicago","contact_form","","","+1 214-612-0133","https://www.berkeys.com/?utm_campaign=gmb_be_home_everyone_gmb-dallas&utm_medium=gmb&utm_source=google","4.9","3355","quick question regarding Berkeys Plumbing, A/C & Electrical's operations in Dallas","queued"
"lead_harv_1790849560106_52","Alpha Heating & Cooling","Dallas","United States","America/Chicago","email","team@alphahvac.net","mx1-us1.ppe-hosted.com","+1 469-875-2869","https://alphahvac.site/","5","163","quick question regarding Alpha Heating & Cooling's operations in Dallas","queued"
"lead_harv_1790849567801_53","Aire Serv of Dallas","Dallas","United States","America/Chicago","email","dallas.tx@aireservdallas.com","aireservdallas-com.mail.protection.outlook.com","+1 214-838-7191","https://www.aireservdallas.com/","4.7","255","quick question regarding Aire Serv of Dallas's operations in Dallas","queued"
"lead_harv_1790849579656_54","Dallas Plumbing & Air Conditioning","Dallas","United States","America/Chicago","contact_form","","","+1 469-489-1061","https://www.dallasplumbing.com/dallas/?utm_source=organic&utm_medium=organic&utm_campaign=dallas&utm_id=gbp","4.6","1309","quick question regarding Dallas Plumbing & Air Conditioning's operations in Dallas","queued"
"lead_harv_1790849585557_55","M. B. Kiser Heating & Air Conditioning Co. Inc.","Dallas","United States","America/Chicago","contact_form","","","+1 214-393-2298","https://mbkiser.com/?utm_campaign=gmb","4.9","64","quick question regarding M. B. Kiser Heating & Air Conditioning . .'s operations in Dallas","queued"
"lead_harv_1790849598967_56","Cody & Sons Plumbing, Heating & Air","Dallas","United States","America/Chicago","contact_form","","","+1 469-200-3366","http://www.codyandsons.com/","4.9","2394","quick question regarding Cody & Sons Plumbing, Heating & Air's operations in Dallas","queued"
"lead_harv_1790849601274_57","A#1 Air","Dallas","United States","America/Chicago","contact_form","","","+1 972-460-0001","https://anumber1air.com/?utm_source=google-gbp&utm_medium=organic&utm_campaign=*319*a1-air-lewisville","4.7","13512","quick question regarding A#1 Air's operations in Dallas","queued"
"lead_harv_1790849618139_58","TemperaturePro","Dallas","United States","America/Chicago","contact_form","","","+1 469-485-5115","https://temperatureprodallas.com/dallas-gaston-ave/","5","215","quick question regarding TemperaturePro's operations in Dallas","queued"
"lead_harv_1790849623069_59","Jade Air, LLC","Dallas","United States","America/Chicago","email","gilbert@jadeair.net","smtp.google.com","+1 214-923-7904","http://jadeair.net/","4.8","171","quick question regarding Jade Air,'s operations in Dallas","queued"
"lead_harv_1790849634436_60","Dial One Johnson Plumbing, Cooling & Heating","Dallas","United States","America/Chicago","contact_form","","","+1 469-723-6067","https://dial1plumbing.com/dallas/","4.9","687","quick question regarding Dial One Johnson Plumbing, Cooling & Heating's operations in Dallas","queued"
"lead_harv_1790849642194_61","Cozy - D Heating & A/C LLC","Dallas","United States","America/Chicago","email","info@yourcompany.com","localhost","+1 972-291-8002","http://www.cozydair.com/","4.9","534","quick question regarding Cozy - D Heating & A/C's operations in Dallas","queued"
"lead_harv_1790849646710_62","Appliance & Air Care Experts","Dallas","United States","America/Chicago","contact_form","","","+1 972-771-5987","https://www.aace.biz/","4.9","529","quick question regarding Appliance & Air Care Experts's operations in Dallas","queued"
"lead_harv_1790849652831_63","Total Air & Plumbing","Dallas","United States","America/Chicago","contact_form","","","+1 972-630-4285","https://www.totalair.com/?utm_source=GBP&utm_medium=organic&utm_campaign=plano","4.9","1777","quick question regarding Total Air & Plumbing's operations in Dallas","queued"
"lead_harv_1790849656797_64","Team Enoch: Electric, Plumbing, Air, Roofing","Dallas","United States","America/Chicago","contact_form","","","+1 469-960-3171","https://teamenoch.com/?utm_source=google&utm_medium=referral&utm_campaign=gbp-dallas","4.9","1325","quick question regarding Team Enoch: Electric, Plumbing, Air, Roofing's operations in Dallas","queued"
"lead_harv_1790849662644_65","Cactus Cooling & Heating","Dallas","United States","America/Chicago","contact_form","","","+1 214-817-0448","http://www.cactuscoolingheating.com/?utm_campaign=gmb","4.9","137","quick question regarding Cactus Cooling & Heating's operations in Dallas","queued"
"lead_harv_1790849666230_66","Ellis AC & Furnace Repair","Dallas","United States","America/Chicago","contact_form","","","+1 972-846-9386","https://www.ellisac.com/?utm_source=gmb_listing&utm_medium=organic","4.9","190","quick question regarding Ellis AC & Furnace Repair's operations in Dallas","queued"
"lead_harv_1790849679994_67","Efficient Home Solutions Heating & Air of Dallas","Dallas","United States","America/Chicago","contact_form","","","+1 214-612-7493","https://ehshvac.com/?utm_source=google&utm_medium=organic&utm_campaign=ehsdallasfbmopo","4.8","107","quick question regarding Efficient Home Solutions Heating & Air of Dallas's operations in Dallas","queued"
"lead_harv_1790849689034_68","DFW HVAC","Dallas","United States","America/Chicago","email","info@dfwhvac.com","aspmx.l.google.com","+1 972-777-2665","http://www.dfwhvac.com/","5","188","quick question regarding DFW HVAC's operations in Dallas","queued"
"lead_harv_1790849689621_69","Saul Ramirez Heating & A/C","Dallas","United States","America/Chicago","whatsapp","","","+1 469-450-0614","","5","43","quick question regarding Saul Ramirez Heating & A/C's operations in Dallas","queued"
"lead_harv_1790849697817_70","Coolinary Arts Heating & Cooling","Dallas","United States","America/Chicago","contact_form","","","+1 972-975-2665","https://callcoolinaryarts.com/","5","254","quick question regarding Coolinary Arts Heating & Cooling's operations in Dallas","queued"
"lead_harv_1790849705581_71","Houk Air Conditioning DFW","Dallas","United States","America/Chicago","contact_form","","","+1 817-775-3295","https://houkac.com/service-areas/dallas-fort-worth/?utm_source=gbp&utm_medium=organic","4.8","2542","quick question regarding Houk Air Conditioning DFW's operations in Dallas","queued"
"lead_harv_1790849709500_72","Frymire Home Services","Dallas","United States","America/Chicago","contact_form","","","+1 469-346-4999","https://frymire.com/?utm_source=google&utm_medium=organic&utm_campaign=GMBListing-Dallas-TX","4.8","4734","quick question regarding Frymire Home Services's operations in Dallas","queued"
"lead_harv_1790849716058_73","The Chill Brothers","Dallas","United States","America/Chicago","email","hello@thechillbrothers.com","thechillbrothers-com.mx1.arsmtp.com","+1 844-512-4455","https://thechillbrothers.com/hvac-services-in-dallas-tx/","4.6","519","quick question regarding The Chill Brothers's operations in Dallas","queued"
"lead_harv_1790849725705_74","Paschal Air, Plumbing & Electric","Dallas","United States","America/Chicago","email","info@gopaschal.com","us-smtp-inbound-1.mimecast.com","+1 214-765-4817","https://gopaschal.com/service-areas/arlington-tx?utm_source=gbp-arlington","4.6","416","quick question regarding Paschal Air, Plumbing & Electric's operations in Dallas","queued"
"lead_harv_1790849735126_75","MillionAire Heating, Air, and Plumbing","Dallas","United States","America/Chicago","email","contact@plumber.com","plumber-com.mail.protection.outlook.com","+1 817-756-8640","http://www.millionairecooling.com/?utm_campaign=gmb","4.9","890","quick question regarding MillionAire Heating, Air, and Plumbing's operations in Dallas","queued"
"lead_harv_1790849749813_76","Sala Air Conditioning","Dallas","United States","America/Chicago","contact_form","","","+1 214-742-7252","https://salaair.com/","4.9","183","quick question regarding Sala Air Conditioning's operations in Dallas","queued"
"lead_harv_1790849756951_77","Hooper Plumbing & Air Conditioning Dallas","Dallas","United States","America/Chicago","email","tracy@hooperplumbing.com","hooperplumbing-com.mail.protection.outlook.com","+1 214-761-6820","https://www.hooperplumbing.com/","4.8","464","quick question regarding Hooper Plumbing & Air Conditioning Dallas's operations in Dallas","queued"
"lead_harv_1790849763570_78","Cowboy Air Condition & Heating Company TDLR:21299","Dallas","United States","America/Chicago","contact_form","","","+1 214-570-1540","https://cowboyair.com/","5","58","quick question regarding Cowboy Air Condition & Heating Company TDLR:21299's operations in Dallas","queued"
"lead_harv_1790849766967_79","Service Experts Fort Worth","Dallas","United States","America/Chicago","contact_form","","","+1 817-241-5893","https://www.serviceexperts.com/fort-worth-tx/?&utm_campaign=listing&utm_medium=organic_search&utm_source=gmb&utm_content=brand","4.8","5035","quick question regarding Service Experts Fort Worth's operations in Dallas","queued"
"lead_harv_1790849771470_80","Berry Best Cooling & Heating","Dallas","United States","America/Chicago","email","comfort@berrybestservices.com","mx1.privateemail.com","+1 972-928-9482","https://www.callberrybest.com/","5","125","quick question regarding Berry Best Cooling & Heating's operations in Dallas","queued"
"lead_harv_1790849782757_81","Nuvo HVAC","Dallas","United States","America/Chicago","contact_form","","","+1 214-444-6886","https://nuvohvac.com/","5","21","quick question regarding Nuvo HVAC's operations in Dallas","queued"
"lead_harv_1790849784188_82","Team Enoch","Dallas","United States","America/Chicago","contact_form","","","+1 817-769-3712","https://teamenoch.com/arlington/air-conditioning/?utm_source=google&utm_medium=referral&utm_campaign=gbp-arlington","4.8","1136","quick question regarding Team Enoch's operations in Dallas","queued"
"lead_harv_1790849788476_83","DallasHVACServices,","Dallas","United States","America/Chicago","contact_form","","","+1 945-403-3954","https://dallashvacservices.com/","5","1","quick question regarding DallasHVACServices,'s operations in Dallas","queued"
"lead_harv_1790849796367_84","Eastin Heating and Air","Dallas","United States","America/Chicago","contact_form","","","+1 972-278-0613","http://www.eastinair.com/?utm_campaign=gmb","4.7","520","quick question regarding Eastin Heating and Air's operations in Dallas","queued"
"lead_harv_1790849801354_85","Air 75 - HVAC & Insulation","Dallas","United States","America/Chicago","email","info@air75hvac.com","smtp.google.com","+1 469-343-0107","https://www.air75hvac.com/","4.9","127","quick question regarding Air 75 - HVAC & Insulation's operations in Dallas","queued"
"lead_harv_1790849808742_86","Open To Public HVAC Parts","Dallas","United States","America/Chicago","contact_form","","","+1 214-340-9421","https://otp-hvac.com/","4.9","676","quick question regarding Open To Public HVAC Parts's operations in Dallas","queued"
"lead_harv_1790849813995_87","Proactive Air Conditioning","Dallas","United States","America/Chicago","email","info@proactiveairconditioning.com","aspmx.l.google.com","+1 469-921-1136","https://proactiveairconditioning.com/","5","108","quick question regarding Proactive Air Conditioning's operations in Dallas","queued"
"lead_harv_1790849823661_88","Efficient Home Solutions Heating & Air of Plano","Dallas","United States","America/Chicago","email","info@ehshvac.com","ehshvac-com.mail.protection.outlook.com","+1 972-441-2308","https://ehshvac.com/","4.8","383","quick question regarding Efficient Home Solutions Heating & Air of Plano's operations in Dallas","queued"
"lead_harv_1790849824187_89","Meridian HVAC Repair Dallas","Dallas","United States","America/Chicago","whatsapp","","","+1 945-351-9551","","5","1","quick question regarding Meridian HVAC Repair Dallas's operations in Dallas","queued"
"lead_harv_1790849838375_90","Aircons Heat & Better Air Inc","Dallas","United States","America/Chicago","contact_form","","","+1 469-931-2048","https://airconsdallas.com/","4.9","639","quick question regarding Aircons Heat & Better Air's operations in Dallas","queued"
"lead_harv_1790849844880_91","Limitless Premier Services LLC","Dallas","United States","America/Chicago","contact_form","","","+1 903-467-8496","https://www.premierservicestexas.com/","5","11","quick question regarding Limitless Premier Services's operations in Dallas","queued"
"lead_harv_1790849847519_92","Public Service Plumbers","Dallas","United States","America/Chicago","contact_form","","","+1 214-831-1959","https://publicserviceplumbers.com/?utm_source=google-gbp&utm_medium=organic&utm_campaign=*163*public-service-plumbers-dallas","4.9","1980","quick question regarding Public Service Plumbers's operations in Dallas","queued"
"lead_harv_1790849847693_93","Heating & Air Conditioning Dallas City","Dallas","United States","America/Chicago","whatsapp","","","+1 945-403-2120","","5","4","quick question regarding Heating & Air Conditioning Dallas City's operations in Dallas","queued"
"lead_harv_1790849848250_94","Dallas Mechanical Services-HVAC Contractor","Dallas","United States","America/Chicago","whatsapp","","","+1 945-403-4030","","5","1","quick question regarding Dallas Mechanical Services-HVAC Contractor's operations in Dallas","queued"
"lead_harv_1790849855470_95","Dallas HVAC & Air Duct Services","Dallas","United States","America/Chicago","contact_form","","","+1 817-677-1437","http://dallashvacandairductservice.net/","5","2","quick question regarding Dallas HVAC & Air Duct Services's operations in Dallas","queued"
"lead_harv_1790849892199_96","Texas Dental Center","Houston","United States","America/Chicago","email","info@texasdentalcenter.com","texasdentalcenter-com.mail.protection.outlook.com","+1 832-831-9101","https://texasdentalcenter.com/?utm_source=GMB&utm_medium=Organic&utm_campaign=LocalBusiness","4.9","1038","quick question regarding Texas Dental Center's operations in Houston","queued"
"lead_harv_1790849895573_97","Dental Clinics of Texas","Houston","United States","America/Chicago","contact_form","","","+1 832-427-1901","http://www.dentalclinicsoftexas.com/","4.8","1049","quick question regarding Dental Clinics of Texas's operations in Houston","queued"
"lead_harv_1790849900310_98","Antoine Dental Center","Houston","United States","America/Chicago","contact_form","","","+1 713-691-8880","https://www.antoinedentalcenter.com/","4.7","3204","quick question regarding Antoine Dental Center's operations in Houston","queued"
"lead_harv_1790849914374_99","Urgent Dental Care of Houston","Houston","United States","America/Chicago","contact_form","","","+1 346-551-4600","https://urgentdentalhub.com/","4.9","872","quick question regarding Urgent Dental Care of Houston's operations in Houston","queued"
"lead_harv_1790849924174_100","Dentist Tree Of The Heights","Houston","United States","America/Chicago","contact_form","","","+1 281-849-8858","http://www.dentisttreeheights.com/","4.9","738","quick question regarding Dentist Tree Of The Heights's operations in Houston","queued"
"lead_harv_1790849938405_101","Sunrise Dental Center","Houston","United States","America/Chicago","contact_form","","","+1 713-869-9973","https://www.sunrisedentalsmile.com/","4.9","825","quick question regarding Sunrise Dental Center's operations in Houston","queued"
"lead_harv_1790849956352_102","Houston Dental Oasis: Dr. Amelia Wang","Houston","United States","America/Chicago","contact_form","","","+1 713-331-3177","https://houstondentaloasis.com/?utm_source=google&utm_medium=organic&utm_campaign=gbp","4.9","504","quick question regarding Houston Dental Oasis: Dr. Amelia Wang's operations in Houston","queued"
"lead_harv_1790849970758_103","Dentiq Dentistry Houston","Houston","United States","America/Chicago","contact_form","","","+1 713-526-2904","https://www.dentiq.dental/","4.9","1309","quick question regarding Dentiq Dentistry Houston's operations in Houston","queued"
"lead_harv_1790849981987_104","Urgent Dental Care of Houston","Houston","United States","America/Chicago","contact_form","","","+1 346-641-0606","https://www.urgentdentalhub.com/","4.9","1341","quick question regarding Urgent Dental Care of Houston's operations in Houston","queued"
"lead_harv_1790849989163_105","EZ Dental Clinic Houston","Houston","United States","America/Chicago","email","ezdentaldds@gmail.com","gmail-smtp-in.l.google.com","+1 281-498-2929","http://www.ezdentalclinic.com/","4.9","375","quick question regarding EZ Dental Clinic Houston's operations in Houston","queued"
"lead_harv_1790849989724_106","Houston City Dental","Houston","United States","America/Chicago","whatsapp","","","+1 832-582-7171","","4.9","449","quick question regarding Houston City Dental's operations in Houston","queued"
"lead_harv_1790850004354_107","Memorial Park Dental Spa","Houston","United States","America/Chicago","contact_form","","","+1 713-864-3800","https://www.memorialparkdental.com/","4.8","1100","quick question regarding Memorial Park Dental Spa's operations in Houston","queued"
"lead_harv_1790850018487_108","Nu Dentistry","Houston","United States","America/Chicago","contact_form","","","+1 346-566-4100","https://nudentistry.com/","4.9","2279","quick question regarding Nu Dentistry's operations in Houston","queued"
"lead_harv_1790850039005_109","Avicenna (Ibn Sina) Community Medical (Mon-Fri) & Dental Clinic (Mon-Sat)","Houston","United States","America/Chicago","contact_form","","","+1 713-695-7462","http://www.ibnsinafoundation.org/","4.2","220","quick question regarding Avicenna (Ibn Sina) Community Medical (Mon-Fri) & Dental Clinic (Mon-Sat)'s operations in Houston","queued"
"lead_harv_1790850044073_110","Dental Care and Implants of South East Houston (Formerly Known As: A Dental Care - Gulfgate)","Houston","United States","America/Chicago","contact_form","","","+1 832-990-2874","https://www.dentalcareandimplants.com/locations/gulfgate-office-houston-tx/","4.9","1037","quick question regarding Dental Care and Implants of South East Houston (Formerly Known As: A Dental Care - Gulfgate)'s operations in Houston","queued"
"lead_harv_1790850056316_111","houston medical center dental","Houston","United States","America/Chicago","email","tmcdental02@yahoo.com","mta5.am0.yahoodns.net","+1 888-217-1568","http://www.houstonmedicalcenterdental.com/","4.8","49","quick question regarding houston medical center dental's operations in Houston","queued"
"lead_harv_1790850061067_112","Downtown Houston Dental","Houston","United States","America/Chicago","email","info@downtownhoustondentist.com","downtownhoustondentist-com.mail.protection.outlook.com","+1 713-229-8100","http://www.downtownhoustondentist.com/","4.9","492","quick question regarding Downtown Houston Dental's operations in Houston","queued"
"lead_harv_1790850067875_113","Omega Dental Specialists","Houston","United States","America/Chicago","email","you@email.com","mx00.mail.com","+1 713-322-7474","https://omegadentists.com/","4.7","1332","quick question regarding Omega Dental Specialists's operations in Houston","queued"
"lead_harv_1790850078068_114","EaDo Family Dental","Houston","United States","America/Chicago","email","office@eadofamilydental.com","mx1-usg1.ppe-hosted.com","+1 346-449-4647","https://www.eadofamilydental.com/?utm_source=google&utm_medium=organic&utm_campaign=gbp-listing","5","969","quick question regarding EaDo Family Dental's operations in Houston","queued"
"lead_harv_1790850085528_115","URBN Dental Implants & Invisalign | Midtown","Houston","United States","America/Chicago","email","riveroaks@urbndental.com","aspmx.l.google.com","+1 346-815-9997","https://urbndental.com/texas/houston-dental-services/midtown/?utm_campaign=local-listings&utm_term=midtown","4.9","931","quick question regarding URBN Dental Implants & Invisalign | Midtown's operations in Houston","queued"
"lead_harv_1790850099376_116","Bayou City Smiles","Houston","United States","America/Chicago","email","yourdentist@bayoucitysmiles.com","bayoucitysmiles-com.mail.protection.outlook.com","+1 281-220-8316","https://www.bayoucitysmiles.com/locations/montrose/","5","360","quick question regarding Bayou City Smiles's operations in Houston","queued"
"lead_harv_1790850107992_117","Emergency Dental Care USA","Houston","United States","America/Chicago","contact_form","","","+1 832-861-7919","https://www.emergencydental.com/houston/?utm_source=google&utm_medium=organic&utm_campaign=gbp&utm_content=bellaire-tx-houston","4.4","680","quick question regarding Emergency Dental Care USA's operations in Houston","queued"
"lead_harv_1790850111253_118","Emergency Dental Center","Houston","United States","America/Chicago","contact_form","","","+1 713-829-5508","https://www.emergencydentalcenter.com/","4.9","116","quick question regarding Emergency Dental Center's operations in Houston","queued"
"lead_harv_1790850121049_119","Medical Center Dental Group","Houston","United States","America/Chicago","contact_form","","","+1 713-795-5905","https://www.ingeniousdentistry.com/","5","64","quick question regarding Medical Center Dental's operations in Houston","queued"
"lead_harv_1790850136252_120","L's Dental","Houston","United States","America/Chicago","email","homestead@texasdental.group","smtp.google.com","+1 713-633-1922","https://lsdentalhouston.com/","4.5","598","quick question regarding L's Dental's operations in Houston","queued"
"lead_harv_1790850140035_121","Sapphire Smiles - Dr. Antoun | Leading Cosmetic Dentist in Houston","Houston","United States","America/Chicago","contact_form","","","+1 832-409-0400","https://www.sapphiresmilesdentistry.com/?utm_source=google&utm_medium=organic&utm_campaign=gbp","5","961","quick question regarding Sapphire Smiles - Dr. Antoun | Leading Cosmetic Dentist in Houston's operations in Houston","queued"
"lead_harv_1790850143178_122","Harris Health Dental Center","Houston","United States","America/Chicago","contact_form","","","+1 713-757-0572","https://www.harrishealth.org/locations-hh/pages/dental-program.aspx","4.4","134","quick question regarding Harris Health Dental Center's operations in Houston","queued"
"lead_harv_1790850146277_123","EZ Dental Care","Houston","United States","America/Chicago","email","ezdentaldds@gmail.com","gmail-smtp-in.l.google.com","+1 713-451-3333","https://ezdentalclinic.com/","4.9","290","quick question regarding EZ Dental Care's operations in Houston","queued"
"lead_harv_1790850150921_124","Lovett Dental North Heights","Houston","United States","America/Chicago","contact_form","","","+1 832-617-5531","https://www.lovettdentistrynorthheights.com/?utm_source=google&utm_medium=organic&utm_campaign=gbp","4.7","928","quick question regarding Lovett Dental North Heights's operations in Houston","queued"
"lead_harv_1790850154773_125","FLOSS Dental of Houston Midtown","Houston","United States","America/Chicago","email","infomidtown@flossdental.com","aspmx.l.google.com","+1 713-900-1919","https://www.flossdentalhouston.com/","4.8","711","quick question regarding FLOSS Dental of Houston Midtown's operations in Houston","queued"
"lead_harv_1790850160124_126","Smiles of Midtown","Houston","United States","America/Chicago","email","office@smilesofmidtown.com","mx002.netsol.xion.oxcs.net","+1 713-523-6848","https://smilesofmidtown.com/?utm_source=gmb","5","234","quick question regarding Smiles of Midtown's operations in Houston","queued"
"lead_harv_1790850165457_127","Emergency Dental Care USA","Houston","United States","America/Chicago","email","seh@emergencydental.com","cloud-dde0ca.managed-vps.net","+1 832-662-4662","https://www.emergencydental.com/se-houston/?utm_source=google&utm_medium=organic&utm_campaign=gbp&utm_content=se-houston-tx","4.6","809","quick question regarding Emergency Dental Care USA's operations in Houston","queued"
"lead_harv_1790850170072_128","FLO dentistry","Houston","United States","America/Chicago","email","smile@flodentistry.com","aspmx.l.google.com","+1 832-345-9383","https://www.flodentistry.com/?utm_source=google&utm_medium=organic&utm_campaign=gbp-listing","5","724","quick question regarding FLO dentistry's operations in Houston","queued"
"lead_harv_1790850173454_129","Houston Skyline Dental","Houston","United States","America/Chicago","email","houstonskylinellc@gmail.com","gmail-smtp-in.l.google.com","+1 713-226-7050","https://www.houstonskylinedental.net/","4.8","344","quick question regarding Houston Skyline Dental's operations in Houston","queued"
"lead_harv_1790850176400_130","Bayou City Smiles","Houston","United States","America/Chicago","email","yourdentist@bayoucitysmiles.com","bayoucitysmiles-com.mail.protection.outlook.com","+1 713-518-1411","https://www.bayoucitysmiles.com/","4.8","346","quick question regarding Bayou City Smiles's operations in Houston","queued"
"lead_harv_1790850178674_131","Eldridge Dental","Houston","United States","America/Chicago","contact_form","","","+1 713-983-0099","http://www.eldridge-dent.com/","4.9","289","quick question regarding Eldridge Dental's operations in Houston","queued"
"lead_harv_1790850184967_132","Shepherd Dental","Houston","United States","America/Chicago","contact_form","","","+1 713-864-3993","http://shepherd-dental.com/","4.9","308","quick question regarding Shepherd Dental's operations in Houston","queued"
"lead_harv_1790850188820_133","Lush Dental Heights","Houston","United States","America/Chicago","email","admin@lushdentalheights.com","aspmx.l.google.com","+1 713-487-9618","https://www.lushdentalheights.com/","5","316","quick question regarding Lush Dental Heights's operations in Houston","queued"
"lead_harv_1790850197462_134","The Dentists at 650 Heights","Houston","United States","America/Chicago","email","specialist@dentistsat650heights.com","ASPMX.L.GOOGLE.com","+1 281-974-4086","https://dentistsat650heights.com/?utm_source=GMBListing&utm_medium=Organic&utm_campaign=GMBListing","4.9","502","quick question regarding The Dentists at 650 Heights's operations in Houston","queued"
"lead_harv_1790850199482_135","URBN Dental Implants & Invisalign | East River","Houston","United States","America/Chicago","email","riveroaks@urbndental.com","aspmx.l.google.com","+1 832-864-8726","https://urbndental.com/texas/houston-dental-services/east-downtown/?utm_campaign=local-listings&utm_term=east-river","5","257","quick question regarding URBN Dental Implants & Invisalign | East River's operations in Houston","queued"
"lead_harv_1790850206289_136","Midtown Dental - The Gallery of Smiles","Houston","United States","America/Chicago","contact_form","","","+1 713-979-4127","https://www.thegalleryofsmiles.com/?utm_source=GMB&utm_medium=organic&utm_campaign=DevOptimization&utm_content=Website","4.9","386","quick question regarding Midtown Dental - The Gallery of Smiles's operations in Houston","queued"
"lead_harv_1790850208116_137","URBN Dental Implants & Invisalign | Montrose","Houston","United States","America/Chicago","email","riveroaks@urbndental.com","aspmx.l.google.com","+1 281-607-5348","https://urbndental.com/texas/houston-dental-services/montrose/?utm_campaign=local-listings&utm_term=montrose","4.9","517","quick question regarding URBN Dental Implants & Invisalign | Montrose's operations in Houston","queued"
"lead_harv_1790850228154_138","Dental Illusions","Houston","United States","America/Chicago","email","rochelle@dentalillusions.com","aspmx.l.google.com","+1 713-715-7354","https://dentalillusions.com/","5","272","quick question regarding Dental Illusions's operations in Houston","queued"
"lead_harv_1790850232578_139","Flash Dental","Houston","United States","America/Chicago","email","flash@flashdental.com","aspmx.l.google.com","+1 281-407-9989","http://www.flashdental.net/","5","630","quick question regarding Flash Dental's operations in Houston","queued"
"lead_harv_1790850249074_140","FMS Dental & Orthodontics","Houston","United States","America/Chicago","email","office@fmsdental.org","fmsdental-org.mail.protection.outlook.com","+1 713-903-7639","https://fmsdental.org/?utm_campaign=gmb&utm_medium=organic&utm_source=gmb","4.8","428","quick question regarding FMS Dental & Orthodontics's operations in Houston","queued"
"lead_harv_1790850254783_141","MB Dental at Heights","Houston","United States","America/Chicago","contact_form","","","+1 281-857-6404","https://mbdentalatheights.com/?utm_source=organic&utm_medium=gbp&utm_id=local","5","207","quick question regarding MB Dental at Heights's operations in Houston","queued"
"lead_harv_1790850257628_142","Swish Dental - Heights","Houston","United States","America/Chicago","contact_form","","","+1 281-220-8321","https://www.swishsmiles.com/location/houston-heights","4.8","401","quick question regarding Swish Dental - Heights's operations in Houston","queued"
"lead_harv_1790850260658_143","Houston Dental Care Dr. Fadi Charles Salha","Houston","United States","America/Chicago","contact_form","","","+1 713-785-0234","https://www.houstondentalcare.org/","4.8","120","quick question regarding Houston Dental Care Dr. Fadi Charles Salha's operations in Houston","queued"
"lead_harv_1790850265362_144","Lovett Dental Heights","Houston","United States","America/Chicago","contact_form","","","+1 832-767-2210","https://www.lovettdentistryheights.com/?utm_source=google&utm_medium=organic&utm_campaign=gbp","4.4","1019","quick question regarding Lovett Dental Heights's operations in Houston","queued"
"lead_harv_1790850270154_145","Brilliant Dental Care","Houston","United States","America/Chicago","email","info@brilliantdentalcare.com","brilliantdentalcare-com.mail.protection.outlook.com","+1 713-929-2762","http://www.brilliantdentalcare.com/?utm_source=google&utm_medium=organic&utm_campaign=gmb","5","336","quick question regarding Brilliant Dental Care's operations in Houston","queued"
"lead_harv_1790850282946_146","Restore Dental At Montrose","Houston","United States","America/Chicago","email","info@restoredentalmontrose.com","aspmx.l.google.com","+1 281-768-8944","https://www.restoredentalmontrose.com/?utm_source=gmb&utm_medium=organic","5","155","quick question regarding Restore Dental At Montrose's operations in Houston","queued"
"lead_harv_1790850292210_147","Sparkle House Dental","Houston","United States","America/Chicago","contact_form","","","+1 713-529-3069","https://sparklehousedental.com/","4.9","339","quick question regarding Sparkle House Dental's operations in Houston","queued"
"lead_harv_1790850297893_148","Trinity Dental Centers - Denver Harbor","Houston","United States","America/Chicago","contact_form","","","+1 713-766-0943","https://www.trinitydentalcenters.com/location/dentist-denver-harbor/?utm_source=google&utm_medium=gmb-denver","4.9","548","quick question regarding Trinity Dental Centers - Denver Harbor's operations in Houston","queued"
"lead_harv_1790850302175_149","River Oaks Dental Arts","Houston","United States","America/Chicago","contact_form","","","+1 713-521-3131","http://riveroaksdentalarts.com/","4.9","219","quick question regarding River Oaks Dental Arts's operations in Houston","queued"
"lead_harv_1790850320879_150","The Village Dentistry","Houston","United States","America/Chicago","email","info@thevillagedentistry.com","thevillagedentistry-com.mail.protection.outlook.com","+1 832-709-2421","https://thevillagedentistry.com/?utm_source=google.com&utm_medium=business+profile&utm_campaign=","4.7","656","quick question regarding The Village Dentistry's operations in Houston","queued"
"lead_harv_1790850329675_151","District Dental","Houston","United States","America/Chicago","email","info@district-dental.com","mx1-us1.ppe-hosted.com","+1 832-804-6050","http://district-dental.com/","4.9","158","quick question regarding District Dental's operations in Houston","queued"
"lead_harv_1790850332613_152","Midtown Dentistry","Houston","United States","America/Chicago","contact_form","","","+1 713-588-9297","https://midtowndentistry.com/locations/westheimer","4.8","1421","quick question regarding Midtown Dentistry's operations in Houston","queued"
"lead_harv_1790850343872_153","Clio Dental Studio","Houston","United States","America/Chicago","email","info@cliodentalstudio.com","aspmx.l.google.com","+1 713-933-0102","https://cliodentalstudio.com/?utm_source=google&utm_medium=organic&utm_campaign=gbp","5","147","quick question regarding Clio Dental Studio's operations in Houston","queued"
"lead_harv_1790850352255_154","Downtown Dentist","Houston","United States","America/Chicago","email","info@downtowndentist.com","downtowndentist-com.mail.protection.outlook.com","+1 713-658-9591","http://downtowndentist.com/","5","80","quick question regarding Downtown Dentist's operations in Houston","queued"
"lead_harv_1790850355665_155","Green Earth Dentistry","Houston","United States","America/Chicago","email","greenearth1202@gmail.com","gmail-smtp-in.l.google.com","+1 713-523-3264","http://www.greenearthdentistry.com/","4.9","173","quick question regarding Green Earth Dentistry's operations in Houston","queued"
"lead_harv_1790850363992_156","Houston Plumbing Services","Houston","United States","America/Chicago","contact_form","","","+1 713-231-3309","https://www.houstonplumbingservices.com/","4.9","230","quick question regarding Houston Plumbing Services's operations in Houston","queued"
"lead_harv_1790850369361_157","GEI Plumbing Services Houston","Houston","United States","America/Chicago","email","team@geiretail.com","aspmx.l.google.com","+1 832-402-8312","https://www.geiplumbingservices.com/","4.8","874","quick question regarding GEI Plumbing Services Houston's operations in Houston","queued"
"lead_harv_1790850376322_158","Cooper Plumbing | Houston Plumber","Houston","United States","America/Chicago","email","cooperplumbinghouston@gmail.com","gmail-smtp-in.l.google.com","+1 832-441-9683","https://www.cooperplumbinghouston.com/?utm_source=google&utm_medium=organic&utm_campaign=gmb-listing","4.8","586","quick question regarding Cooper Plumbing | Houston Plumber's operations in Houston","queued"
"lead_harv_1790850380304_159","Affordable Plumbing Services Houston","Houston","United States","America/Chicago","email","office@golevelplus.com","aspmx.l.google.com","+1 832-219-7974","https://houston-plumbingservices.com/","4.8","146","quick question regarding Affordable Plumbing Services Houston's operations in Houston","queued"
"lead_harv_1790850385430_160","Nick's Plumbing & Air Conditioning","Houston","United States","America/Chicago","email","service@nicksplumbing.com","nicksplumbing-com.mail.protection.outlook.com","+1 713-868-9907","https://www.nicksplumbing.com/","4.7","4384","quick question regarding Nick's Plumbing & Air Conditioning's operations in Houston","queued"
"lead_harv_1790850390684_161","Texas Quality Plumbing","Houston","United States","America/Chicago","email","texasqualityplumbing2026@outlook.com","outlook-com.olc.protection.outlook.com","+1 713-385-0349","https://www.texasqualityplumbing.com/?utm_source=google&utm_medium=organic&utm_campaign=local+listings","4.8","4406","quick question regarding Texas Quality Plumbing's operations in Houston","queued"
"lead_harv_1790850399569_162","Santhoff Plumbing","Houston","United States","America/Chicago","contact_form","","","+1 713-665-4997","https://www.santhoffplumbingco.com/","4.9","842","quick question regarding Santhoff Plumbing's operations in Houston","queued"
"lead_harv_1790850407293_163","Roto-Rooter Plumbing & Water Cleanup","Houston","United States","America/Chicago","contact_form","","","+1 713-470-0080","https://www.rotorooter.com/houston/?utm_source=Google&utm_medium=organic&utm_campaign=gmb&utm_content=website","4.7","3692","quick question regarding Roto-Rooter Plumbing & Water Cleanup's operations in Houston","queued"
"lead_harv_1790850410859_164","John Moore Services","Houston","United States","America/Chicago","contact_form","","","+1 713-853-9881","http://www.johnmooreservices.com/","4.7","20122","quick question regarding John Moore Services's operations in Houston","queued"
"lead_harv_1790850421757_165","All The Time Plumbing","Houston","United States","America/Chicago","email","tom@allthetimeplumbing.com","mx.allthetimeplumbing.com.cust.b.hostedemail.com","+1 713-705-3926","https://allthetimeplumbing.com/","4.8","344","quick question regarding All The Time Plumbing's operations in Houston","queued"
"lead_harv_1790850427133_166","Village Plumbing, Air & Electric","Houston","United States","America/Chicago","email","service@villageplumbing.com","villageplumbing-com.mail.protection.outlook.com","+1 281-344-2270","https://villageplumbing.com/?utm_source=google&utm_medium=gmb&utm_campaign=Google%20Business%20Profile","4.8","10862","quick question regarding Village Plumbing, Air & Electric's operations in Houston","queued"
"lead_harv_1790850431678_167","Hugo Plumbing","Houston","United States","America/Chicago","contact_form","","","+1 713-409-7176","https://hugoplumbingtx.com/","4.9","699","quick question regarding Hugo Plumbing's operations in Houston","queued"
"lead_harv_1790850437563_168","Abacus Plumbing, Air Conditioning, & Electrical","Houston","United States","America/Chicago","email","customerservice@abacusplumbing.net","abacusplumbing-net.mail.protection.outlook.com","+1 713-812-7070","https://www.abacusplumbing.net/?utm_campaign=gmb_ab-hou_home_everyone_gmb-houston&utm_medium=gmb&utm_source=google","4.7","11828","quick question regarding Abacus Plumbing, Air Conditioning, & Electrical's operations in Houston","queued"
"lead_harv_1790850443805_169","Mission Air Conditioning & Plumbing","Houston","United States","America/Chicago","contact_form","","","+1 281-502-2062","https://www.missionac.com/locations/houston-tx/?utm_source=google&utm_medium=organic&utm_campaign=gbp","4.8","3011","quick question regarding Mission Air Conditioning & Plumbing's operations in Houston","queued"
"lead_harv_1790850448541_170","Luke's Plumbing & Air Conditioning","Houston","United States","America/Chicago","email","info@calllukes.com","aspmx.l.google.com","+1 713-701-7245","https://calllukes.com/?utm_source=google&utm_medium=gbp","4.8","328","quick question regarding Luke's Plumbing & Air Conditioning's operations in Houston","queued"
"lead_harv_1790850453916_171","Halo Plumbing Services","Houston","United States","America/Chicago","email","karen@haloplumbingtx.com","aspmx.l.google.com","+1 346-642-5698","https://haloplumbingtx.com/?utm_source=google&utm_medium=organic&utm_campaign=google_business_profile","4.8","553","quick question regarding Halo Plumbing Services's operations in Houston","queued"
"lead_harv_1790850454513_172","First Aid Plumbing Specialist","Houston","United States","America/Chicago","whatsapp","","","+1 832-279-3065","","4.9","61","quick question regarding First Aid Plumbing Specialist's operations in Houston","queued"
"lead_harv_1790850456927_173","After Hours Plumbing Service","Houston","United States","America/Chicago","email","afterhoursplumbingservice@gmail.com","gmail-smtp-in.l.google.com","+1 832-715-6441","http://www.afterhoursplumbingservice.com/","4.8","207","quick question regarding After Hours Plumbing Service's operations in Houston","queued"
"lead_harv_1790850458648_174","Santhoff Plumbing","Houston","United States","America/Chicago","contact_form","","","+1 713-665-4997","https://www.santhoffplumbingco.com/","4.9","110","quick question regarding Santhoff Plumbing's operations in Houston","queued"
"lead_harv_1790850463350_175","H-Town Plumbers","Houston","United States","America/Chicago","email","office@htownplumbers.com","aspmx.l.google.com","+1 832-318-0390","https://www.htownplumbers.com/","4.9","357","quick question regarding H-Town Plumbers's operations in Houston","queued"
"lead_harv_1790850470125_176","Aberle Plumbing LLC","Houston","United States","America/Chicago","contact_form","","","+1 281-458-5911","https://www.aberleplumbing.com/?utm_source=google&utm_medium=organic&utm_campaign=gbp","4.9","500","quick question regarding Aberle Plumbing's operations in Houston","queued"
"lead_harv_1790850472183_177","OneCall Houston","Houston","United States","America/Chicago","contact_form","","","+1 713-322-8274","https://onecallhouston.com/greater-houston-hvac-plumbing-and-electrical-contractor/?utm_source=google-gbp&utm_medium=organic&utm_campaign=*439*one-call-houston","4.8","1583","quick question regarding OneCall Houston's operations in Houston","queued"
"lead_harv_1790850503341_178","Air Tech of Houston AC & Plumbing","Houston","United States","America/Chicago","contact_form","","","+1 832-680-5546","https://www.airtechofhouston.com/locations/houston-tx/?utm_source=google-gbp&utm_medium=organic&utm_campaign=*19*air-tech-houston","4.8","6562","quick question regarding Air Tech of Houston AC & Plumbing's operations in Houston","queued"
"lead_harv_1790850511176_179","Arrow Plumbing","Houston","United States","America/Chicago","contact_form","","","+1 713-999-4742","https://www.arrowplumbing.com/?utm_source=gbp&utm_medium=organic&utm_campaign=gbp-profile-houston","4.8","300","quick question regarding Arrow Plumbing's operations in Houston","queued"
"lead_harv_1790850520355_180","Power Plumbing Services","Houston","United States","America/Chicago","contact_form","","","+1 281-207-5133","https://www.powerplumbingtx.com/?utm_source=google&utm_medium=organic&utm_campaign=gmb-profile-humble","4.8","1388","quick question regarding Power Plumbing Services's operations in Houston","queued"
"lead_harv_1790850534716_181","YB Plumbing & Hydro Jetting Services","Houston","United States","America/Chicago","email","you@email.com","mx00.mail.com","+1 832-281-6604","https://ybplumbing.com/","4.6","624","quick question regarding YB Plumbing & Hydro Jetting Services's operations in Houston","queued"
"lead_harv_1790850548010_182","Citywide Plumbing Services LLC.","Houston","United States","America/Chicago","email","info@citywideservices.net","citywideservices-net.mail.protection.outlook.com","+1 713-453-6555","http://www.citywideservices.net/","4.9","54","quick question regarding Citywide Plumbing Services .'s operations in Houston","queued"
"lead_harv_1790850552701_183","Quality Plumber Houston","Houston","United States","America/Chicago","email","houstonqualityservices@gmail.com","gmail-smtp-in.l.google.com","+1 832-402-6041","https://www.bestplumbingservicehouston.com/","5","71","quick question regarding Quality Plumber Houston's operations in Houston","queued"
"lead_harv_1790850555040_184","MET Plumbing LLC","Houston","United States","America/Chicago","contact_form","","","+1 281-845-8889","https://met-plumbing.com/?utm_source=google-gbp&utm_medium=organic&utm_campaign=*538*MET-Houston","4.8","1448","quick question regarding MET Plumbing's operations in Houston","queued"
"lead_harv_1790850566181_185","Show Plumbing, LLC","Houston","United States","America/Chicago","contact_form","","","+1 281-860-2000","https://www.showplumbing.com/?utm_source=google&utm_medium=gmb","4.8","573","quick question regarding Show Plumbing,'s operations in Houston","queued"
"lead_harv_1790850571748_186","Sheet Happens Plumbing & Drain","Houston","United States","America/Chicago","email","info@shplumbingdrain.com","aspmx.l.google.com","+1 832-281-5575","https://shplumbingdrain.com/","4.7","62","quick question regarding Sheet Happens Plumbing & Drain's operations in Houston","queued"
"lead_harv_1790850583679_187","Plomero Yanez","Houston","United States","America/Chicago","contact_form","","","+1 832-660-3753","https://www.plomeroyanez.com/","5","107","quick question regarding Plomero Yanez's operations in Houston","queued"
"lead_harv_1790850588081_188","C&R Plumbing Services, LLC.","Houston","United States","America/Chicago","email","office@cnrplumber.com","mx10.antispam.mailspamprotection.com","+1 713-231-8555","https://cnrplumber.com/","4.9","83","quick question regarding C&R Plumbing Services, .'s operations in Houston","queued"
"lead_harv_1790850591208_189","Royal Flush Affordable Plumbing","Houston","United States","America/Chicago","email","royalflushaffordableplumbing@gmail.com","gmail-smtp-in.l.google.com","+1 281-612-1015","https://www.royalflushaffordableplumbing.com/","4.7","109","quick question regarding Royal Flush Affordable Plumbing's operations in Houston","queued"
"lead_harv_1790850596830_190","Texas Plumbing","Houston","United States","America/Chicago","email","info@texasplumbing911.com","aspmx.l.google.com","+1 713-478-5766","https://www.texasplumbing911.com/","4.6","176","quick question regarding Texas Plumbing's operations in Houston","queued"
"lead_harv_1790850601867_191","DYZ Plumbing, LLC","Houston","United States","America/Chicago","contact_form","","","+1 832-877-9600","https://dyzplumbing.com/","4.9","80","quick question regarding DYZ Plumbing,'s operations in Houston","queued"
"lead_harv_1790850614629_192","Aaron's Plumbing","Houston","United States","America/Chicago","email","aaronsbilling23@gmail.com","gmail-smtp-in.l.google.com","+1 281-444-2000","http://www.aaronsplumbingtx.com/","4.6","116","quick question regarding Aaron's Plumbing's operations in Houston","queued"
"lead_harv_1790850621839_193","Charlie's Plumbing, Inc","Houston","United States","America/Chicago","contact_form","","","+1 713-242-7543","https://www.charliesplumbing.com/?utm_source=google&utm_medium=organic&utm_campaign=gmb","3.9","105","quick question regarding Charlie's Plumbing,'s operations in Houston","queued"
"lead_harv_1790850632065_194","David Hicks Plumbing","Houston","United States","America/Chicago","email","office@davidhicksplumbing.com","mx1-usg1.ppe-hosted.com","+1 713-528-0141","https://www.davidhicksplumbing.com/","4.7","233","quick question regarding David Hicks Plumbing's operations in Houston","queued"
"lead_harv_1790850645927_195","All Around Plumbing LLC","Houston","United States","America/Chicago","email","info@allaroundplumbingtx.com","allaroundplumbingtx-com.mail.protection.outlook.com","+1 713-357-0154","https://allaroundplumbingtx.com/","4.9","288","quick question regarding All Around Plumbing's operations in Houston","queued"
"lead_harv_1790850652955_196","Houston Professional Plumbing Services of River Oaks","Houston","United States","America/Chicago","contact_form","","","+1 832-662-1163","https://www.houstonplumbingprofessionals.com/","5","4","quick question regarding Houston Professional Plumbing Services of River Oaks's operations in Houston","queued"
"lead_harv_1790850658451_197","Wedgeworth Plumbing","Houston","United States","America/Chicago","email","office@wedgeworthplumbing.com","mx001.netsol.xion.oxcs.net","+1 832-867-5309","http://www.wedgeworthplumbing.com/","4.9","647","quick question regarding Wedgeworth Plumbing's operations in Houston","queued"
"lead_harv_1790850672586_198","Herrera Plumbing Service","Houston","United States","America/Chicago","contact_form","","","+1 832-712-6995","https://www.herreraplumbing.com/","5","11","quick question regarding Herrera Plumbing Service's operations in Houston","queued"
"lead_harv_1790850699143_199","Trusty Plumbers - Plumbing Services South Houston","Houston","United States","America/Chicago","contact_form","","","+1 832-558-3195","https://trustyplumbertx.com/","5","6","quick question regarding Trusty Plumbers - Plumbing Services South Houston's operations in Houston","queued"
"lead_harv_1790850713940_200","Brazos Plumbing","Houston","United States","America/Chicago","contact_form","","","+1 281-909-7530","https://brazosplumbingservices.com/","5","858","quick question regarding Brazos Plumbing's operations in Houston","queued"
"lead_harv_1790850714178_201","Get It Done Plumbing","Houston","United States","America/Chicago","whatsapp","","","+1 832-207-4772","","4.7","113","quick question regarding Get It Done Plumbing's operations in Houston","queued"
"lead_harv_1790850726333_202","Lanco Plumbing","Houston","United States","America/Chicago","contact_form","","","+1 281-337-3703","http://www.lancoplumbinginc.com/","4.9","1449","quick question regarding Lanco Plumbing's operations in Houston","queued"
"lead_harv_1790850736093_203","5 Star Plumbing Houston","Houston","United States","America/Chicago","email","rizwan.comcrush@gmail.com","gmail-smtp-in.l.google.com","+1 713-954-6622","https://5starplumbinghouston.com/","4.9","78","quick question regarding 5 Star Plumbing Houston's operations in Houston","queued"
"lead_harv_1790850738507_204","Shaw Plumbing Co. LLC","Houston","United States","America/Chicago","email","wweeiihhuuaanngg@gmail.com","gmail-smtp-in.l.google.com","+1 936-672-9850","https://shawplumbingco.com/","5","106","quick question regarding Shaw Plumbing .'s operations in Houston","queued"
"lead_harv_1790850740817_205","JB Mechanical Services LLC","Houston","United States","America/Chicago","email","jbmechanicalservices23@yahoo.com","mta5.am0.yahoodns.net","+1 346-932-5810","https://jbmechanical-services.com/","5","21","quick question regarding JB Mechanical Services's operations in Houston","queued"
"lead_harv_1790850754257_206","LUX MedSpa Brickell","Miami","United States","America/New_York","contact_form","","","+1 305-988-9388","https://www.luxmedspabrickell.com/","5","2330","quick question regarding LUX MedSpa Brickell's operations in Miami","queued"
"lead_harv_1790850762606_207","Dolce Medical Spa","Miami","United States","America/New_York","contact_form","","","+1 786-305-8898","https://mia.dolcemedicalspas.com/facial-promo/","5","1280","quick question regarding Dolce Medical Spa's operations in Miami","queued"
"lead_harv_1790850766691_208","Laria MedSpa","Miami","United States","America/New_York","contact_form","","","+1 305-299-7290","https://lariamedspa.com/","5","395","quick question regarding Laria MedSpa's operations in Miami","queued"
"lead_harv_1790850780417_209","Miami Surgical MedSpa","Miami","United States","America/New_York","contact_form","","","+1 305-515-5009","https://rymaps.xyz/business/miami-surgical-medspa-37fhvr","5","561","quick question regarding Miami Surgical MedSpa's operations in Miami","queued"
"lead_harv_1790850796159_210","Aviva Medical Spa","Miami","United States","America/New_York","contact_form","","","+1 786-812-8622","https://avivamedicalspa.com/","4.7","379","quick question regarding Aviva Medical Spa's operations in Miami","queued"
"lead_harv_1790850818596_211","Med Aesthetics Miami","Miami","United States","America/New_York","email","info@medaestheticsmiami.com","aspmx.l.google.com","+1 305-356-7402","https://medaestheticsmiami.com/?utm_source=google&utm_medium=organic&utm_content=gables&utm_campaign=gmb","4.8","437","quick question regarding Med Aesthetics Miami's operations in Miami","queued"
"lead_harv_1790850833668_212","Deluxe Med Spa Beauty","Miami","United States","America/New_York","email","info@deluxemedspabeauty.com","aspmx.l.google.com","+1 786-901-0611","https://deluxemedspabeauty.com/","4.9","276","quick question regarding Deluxe Med Spa Beauty's operations in Miami","queued"
"lead_harv_1790850839462_213","Arviv Medical Aesthetics Miami","Miami","United States","America/New_York","email","info@arvivaesthetics.com","aspmx.l.google.com","+1 305-340-9002","https://arvivaesthetics.com/miami/","4.8","437","quick question regarding Arviv Medical Aesthetics Miami's operations in Miami","queued"
"lead_harv_1790850841278_214","Med Therapy & Spa Inc Wellness & MedSpa Miami","Miami","United States","America/New_York","email","medtherapyspa@gmail.com","gmail-smtp-in.l.google.com","+1 305-859-0099","https://medtherapyspa.com/","5","225","quick question regarding Med Therapy & Spa  Wellness & MedSpa Miami's operations in Miami","queued"
"lead_harv_1790850847502_215","Charette Cosmetics Medical Spa - Miami Beach","Miami","United States","America/New_York","email","customerservice@charettecosmetics.com","smtp.google.com","+1 404-430-4378 ext. 3","https://charettecosmetics.com/miami/?utm_source=google&utm_medium=organic&utm_campaign=GBPMiami","5","590","quick question regarding Charette Cosmetics Medical Spa - Miami Beach's operations in Miami","queued"
"lead_harv_1790850856183_216","Monaco MedSpa","Miami","United States","America/New_York","email","officemanager@monacomedspa.com","aspmx.l.google.com","+1 786-536-6117","https://www.monacomedspa.com/?utm_source=GMBlisting&utm_medium=organic&utm_campaign=gmb","5","151","quick question regarding Monaco MedSpa's operations in Miami","queued"
"lead_harv_1790850877267_217","A&E MED SPA LLC","Miami","United States","America/New_York","email","info@aeplasticsurgery.com","mx156.hostedmxserver.com","+1 786-254-7100","https://aemedspa.net/","4.9","364","quick question regarding A&E MED SPA's operations in Miami","queued"
"lead_harv_1790850885257_218","4Ever Young Med Spa & Wellness Center - Miami Midtown","Miami","United States","America/New_York","contact_form","","","+1 786-982-0255","https://4everyoungantiaging.com/miami-midtown/?utm_source=gbp&utm_medium=organic&utm_campaign=gbp-miamimidtown&y_source=1_MjA2MTUzMTA0Ny03MTUtbG9jYXRpb24ud2Vic2l0ZQ%3D%3D","4.8","809","quick question regarding 4Ever Young Med Spa & Wellness Center - Miami Midtown's operations in Miami","queued"
"lead_harv_1790850896270_219","MD Ageless Solutions","Miami","United States","America/New_York","contact_form","","","+1 305-668-3211","http://www.mdagelesssolutions.com/","4.9","453","quick question regarding MD Ageless Solutions's operations in Miami","queued"
"lead_harv_1790850901314_220","Solea Medical Spa & Beauty Lounge","Miami","United States","America/New_York","contact_form","","","+1 305-787-3448","https://www.soleabeautylounge.com/?utm_campaign=gmb","4.8","1358","quick question regarding Solea Medical Spa & Beauty Lounge's operations in Miami","queued"
"lead_harv_1790850915435_221","Miami Skin Spa Aesthetics & Wellness","Miami","United States","America/New_York","email","info@miamiskinspa.com","aspmx.l.google.com","+1 305-557-1615","https://www.miamiskinspa.com/","4.8","157","quick question regarding Miami Skin Spa Aesthetics & Wellness's operations in Miami","queued"
"lead_harv_1790850925567_222","VIIV WELLNESS HAUS","Miami","United States","America/New_York","email","contact@viivwellnesshaus.com","aspmx.l.google.com","+1 786-550-6249","https://viivwellnesshaus.com/?utm_source=google&utm_medium=organic&utm_campaign=gbp","5","334","quick question regarding VIIV WELLNESS HAUS's operations in Miami","queued"
"lead_harv_1790850931802_223","Brickell Cosmetic Center-Aesthetics & Dermatology","Miami","United States","America/New_York","contact_form","","","+1 305-456-6001","https://brickellcosmetic.com/","4.6","480","quick question regarding Brickell Cosmetic Center-Aesthetics & Dermatology's operations in Miami","queued"
"lead_harv_1790850938848_224","No Filter Medical Spa","Miami","United States","America/New_York","email","info@nofiltermedspa.com","aspmx.l.google.com","+1 305-619-2651","https://nofiltermedicalspa.com/","4.9","212","quick question regarding No Filter Medical Spa's operations in Miami","queued"
"lead_harv_1790850954182_225","Zeugma MedSpa","Miami","United States","America/New_York","email","info@zeugmaspa.com","smtp.google.com","+1 305-481-5659","https://zeugmaspa.com/","4.9","313","quick question regarding Zeugma MedSpa's operations in Miami","queued"
"lead_harv_1790850965849_226","4Beauty MedSpa","Miami","United States","America/New_York","contact_form","","","+1 786-224-7938","https://www.4beautymedspa.com/?utm_source=google&utm_medium=organic&utm_campaign=gbp","4.9","331","quick question regarding 4Beauty MedSpa's operations in Miami","queued"
"lead_harv_1790850971179_227","NuYou Medical Aesthetics","Miami","United States","America/New_York","email","inquiries@lovethenuyou.com","aspmx.l.google.com","+1 305-204-0659","http://www.lovethenuyou.com/","5","502","quick question regarding NuYou Medical Aesthetics's operations in Miami","queued"
"lead_harv_1790850974377_228","Caruna Med Spa & Laser Center","Miami","United States","America/New_York","contact_form","","","+1 305-456-9336","https://www.carunamedspa.com/","4.8","156","quick question regarding Caruna Med Spa & Laser Center's operations in Miami","queued"
"lead_harv_1790850980286_229","Hochstein Medspa","Miami","United States","America/New_York","contact_form","","","+1 786-802-6699","https://www.lhochsteinmd.com/medspa/?y_source=1_MTA2NjA3MTMtNzE1LWxvY2F0aW9uLndlYnNpdGU%3D","4.7","294","quick question regarding Hochstein Medspa's operations in Miami","queued"
"lead_harv_1790850980851_230","LumiVita Miami","Miami","United States","America/New_York","whatsapp","","","+1 786-494-2201","","5","181","quick question regarding LumiVita Miami's operations in Miami","queued"
"lead_harv_1790850986464_231","The Parlour","Miami","United States","America/New_York","email","info@theparlourmiami.com","aspmx.l.google.com","+1 305-505-1232","https://www.theparlourmiami.com/?utm_source=google&utm_medium=organic&utm_campaign=gmb&utm_content=website","4.9","266","quick question regarding The Parlour's operations in Miami","queued"
"lead_harv_1790850997585_232","Infinity Beauty Lab Med Spa","Miami","United States","America/New_York","contact_form","","","+1 561-232-0263","http://www.infinitybeautylab.com/","5","64","quick question regarding Infinity Beauty Lab Med Spa's operations in Miami","queued"
"lead_harv_1790851007718_233","MDW Aesthetics Miami","Miami","United States","America/New_York","email","brickell@mdwaesthetics.com","smtp.google.com","+1 305-995-5439","https://www.mdwaesthetics.com/","4.9","277","quick question regarding MDW Aesthetics Miami's operations in Miami","queued"
"lead_harv_1790851018319_234","Solea Spa","Miami","United States","America/New_York","email","info@soleabrickellspa.com","aspmx.l.google.com","+1 786-418-4515","https://soleabrickellspa.com/","4.4","393","quick question regarding Solea Spa's operations in Miami","queued"
"lead_harv_1790851028516_235","Bella Vida Aesthetics & Wellness","Miami","United States","America/New_York","contact_form","","","+1 786-338-8346","https://bellavidaaesthetics.com/","4.9","163","quick question regarding Bella Vida Aesthetics & Wellness's operations in Miami","queued"
"lead_harv_1790851038923_236","Alicia Med Spa","Miami","United States","America/New_York","contact_form","","","+1 786-725-3105","https://www.aliciamedspa.com/","4.8","159","quick question regarding Alicia Med Spa's operations in Miami","queued"
"lead_harv_1790851052899_237","BEIAMED MEDSPA & CLINIC","Miami","United States","America/New_York","contact_form","","","+1 786-953-5254","https://beiamedispa.com/","4.6","426","quick question regarding BEIAMED MEDSPA & CLINIC's operations in Miami","queued"
"lead_harv_1790851059158_238","Aromas Medspa at Kendall","Miami","United States","America/New_York","email","aromas@me.com","mx01.mail.icloud.com","+1 305-752-0250","https://aromaslaser.com/kendall-location/?utm_source=google&utm_medium=organic&utm_campaign=gbp","4.7","257","quick question regarding Aromas Medspa at Kendall's operations in Miami","queued"
"lead_harv_1790851071382_239","Euphoria Aesthetics","Miami","United States","America/New_York","contact_form","","","+1 786-801-4479","http://305euphoria.com/","4.8","320","quick question regarding Euphoria Aesthetics's operations in Miami","queued"
"lead_harv_1790851075472_240","Dr. Jhonny A Salomon Plastic Surgery & Med Spa","Miami","United States","America/New_York","contact_form","","","+1 305-270-1361","https://www.drjsalomon.com/","4.8","528","quick question regarding Dr. Jhonny A Salomon Plastic Surgery & Med Spa's operations in Miami","queued"
"lead_harv_1790851077038_241","The Glow Lab Medspa","Miami","United States","America/New_York","contact_form","","","+1 305-454-3116","http://www.theglowlabmiami.com/","4.9","190","quick question regarding The Glow Lab Medspa's operations in Miami","queued"
"lead_harv_1790851084242_242","Beverly Hills Wellness Center & Med Spa","Miami","United States","America/New_York","contact_form","","","+1 561-318-5367","https://beverlyhillsmedispa.com/?utm_source=google&utm_medium=organic&utm_campaign=gbp","5","639","quick question regarding Beverly Hills Wellness Center & Med Spa's operations in Miami","queued"
"lead_harv_1790851090071_243","Dermanova MedSpa","Miami","United States","America/New_York","contact_form","","","+1 786-245-3898","http://dermanovaspa.com/","4.4","143","quick question regarding Dermanova MedSpa's operations in Miami","queued"
"lead_harv_1790851093205_244","Gables Med Spa","Miami","United States","America/New_York","contact_form","","","+1 786-815-1521","https://www.gablesmedspa.com/","5","32","quick question regarding Gables Med Spa's operations in Miami","queued"
"lead_harv_1790851096194_245","Master Face Med Spa","Miami","United States","America/New_York","contact_form","","","+1 786-461-4665","http://www.masterfacemedspa.com/","5","84","quick question regarding Master Face Med Spa's operations in Miami","queued"
"lead_harv_1790851107211_246","Rejuvaline Medspa at Flamingo","Miami","United States","America/New_York","contact_form","","","+1 786-884-0110","https://rejuvalinemedspa.com/miami-beach/","4.9","87","quick question regarding Rejuvaline Medspa at Flamingo's operations in Miami","queued"
"lead_harv_1790851111644_247","Get Refreshed","Miami","United States","America/New_York","email","info@getrefreshed.life","getrefreshed-life.mail.protection.outlook.com","+1 305-988-9504","https://www.getrefreshed.com/","4.5","251","quick question regarding Get Refreshed's operations in Miami","queued"
"lead_harv_1790851116843_248","Privai Spa + Fitness at Kimpton EPIC Hotel","Miami","United States","America/New_York","email","spaconcierge@privaispas.com","privaispas-com.mail.protection.outlook.com","+1 305-404-7275","https://kimptonepic.privaispas.com/","4.9","493","quick question regarding Privai Spa + Fitness at Kimpton EPIC Hotel's operations in Miami","queued"
"lead_harv_1790851128409_249","Prime Body & Spa","Miami","United States","America/New_York","email","sales@vagaro.com","vagaro-com.mail.protection.outlook.com","+1 305-563-7606","https://www.vagaro.com/us03/primebodyspa","4.9","38","quick question regarding Prime Body & Spa's operations in Miami","queued"
"lead_harv_1790851128964_250","ND Med Spa","Miami","United States","America/New_York","whatsapp","","","+1 305-200-5114","","4.9","28","quick question regarding ND Med Spa's operations in Miami","queued"
"lead_harv_1790851135089_251","Lavish Laser Med Spa Midtown Miami","Miami","United States","America/New_York","contact_form","","","+1 754-287-2084","https://lavishlasermedspa.com/home/?utm_source=google-business-profile&utm_content=midtown","5","41","quick question regarding Lavish Laser Med Spa Midtown Miami's operations in Miami","queued"
"lead_harv_1790851141119_252","Asha Esthetic & Medspa","Miami","United States","America/New_York","email","info@ashaesthetics.com","aspmx.l.google.com","+1 305-505-7853","http://www.ashaesthetics.com/","4.9","346","quick question regarding Asha Esthetic & Medspa's operations in Miami","queued"
"lead_harv_1790851143045_253","Face & Body Concept","Miami","United States","America/New_York","contact_form","","","+1 786-472-6262","https://www.fbconceptmedspa.com/","4.9","109","quick question regarding Face & Body Concept's operations in Miami","queued"
"lead_harv_1790851149097_254","NuLife Institute","Miami","United States","America/New_York","contact_form","","","+1 305-400-0005","https://nulifeinstitute.com/location/nulife-institute-locations-miami/?utm_source=google&utm_medium=organic&utm_campaign=gmb","4.9","278","quick question regarding NuLife Institute's operations in Miami","queued"
"lead_harv_1790851159774_255","Dr. Hamadiya Miami Wellness and Aesthetic Center","Miami","United States","America/New_York","contact_form","","","+1 305-469-1188","https://drhamadiya.com/","5","294","quick question regarding Dr. Hamadiya Miami Wellness and Aesthetic Center's operations in Miami","queued"
"lead_harv_1790851170594_256","World of Beauty Miami","Miami","United States","America/New_York","email","info@worldofbeauty.miami","mx2.spacemail.com","+1 786-603-9795","https://worldofbeauty.miami/","4.8","154","quick question regarding World of Beauty Miami's operations in Miami","queued"
"lead_harv_1790851179541_257","Din Style Med Spa","Miami","United States","America/New_York","email","angel@dharmamarketing.cloud","dharmamarketing.cloud","+1 786-681-6811","https://dinstyles.com/","4.7","201","quick question regarding Din Style Med Spa's operations in Miami","queued"
"lead_harv_1790851190871_258","Healing Hands","Miami","United States","America/New_York","contact_form","","","+1 305-321-8253","http://healing-hands.us/","4.9","912","quick question regarding Healing Hands's operations in Miami","queued"
"lead_harv_1790851196052_259","Plump Cosmetics & Injectables","Miami","United States","America/New_York","email","info@getplump.com","aspmx.l.google.com","+1 305-702-0274","https://getplump.com/?UTM_source=GBP_listing&UTM_medium=organic&source=gmb","5","95","quick question regarding Plump Cosmetics & Injectables's operations in Miami","queued"
"lead_harv_1790851203480_260","Liquivida Brickell by Mesalogy Health","Miami","United States","America/New_York","contact_form","","","+1 305-504-8860","https://www.liquivida.com/brickell","5","392","quick question regarding Liquivida Brickell by Mesalogy Health's operations in Miami","queued"
"lead_harv_1790851209283_261","Relax Spa","Miami","United States","America/New_York","email","info@relaxspa.us","mx02.mail.icloud.com","+1 786-574-9656","http://www.relaxspa.us/","5","13","quick question regarding Relax Spa's operations in Miami","queued"
"lead_harv_1790851217547_262","Mocasa Wellness Center","Miami","United States","America/New_York","contact_form","","","+1 786-534-8535","http://www.mocasawc.com/","4.5","93","quick question regarding Mocasa Wellness Center's operations in Miami","queued"
"lead_harv_1790851218225_263","Infinity Medspa Miami","Miami","United States","America/New_York","whatsapp","","","+1 305-469-8592","","5","17","quick question regarding Infinity Medspa Miami's operations in Miami","queued"
"lead_harv_1790851225167_264","Zia Medical Aesthetics","Miami","United States","America/New_York","email","info@ziamedicalaesthetics.com","aspmx.l.google.com","+1 754-223-8802","http://www.ziamedicalaesthetics.com/","5","151","quick question regarding Zia Medical Aesthetics's operations in Miami","queued"
"lead_harv_1790851229099_265","Artemis Medical Spa","Miami","United States","America/New_York","email","info@artemismedicalspa.com","artemismedicalspa-com.mail.protection.outlook.com","+1 305-603-9163","https://www.artemismedicalspa.com/","5","87","quick question regarding Artemis Medical Spa's operations in Miami","queued"
"lead_harv_1790851234392_266","T&S Roofing Systems","Miami","United States","America/New_York","email","info@tsroofingsystems.com","aspmx.l.google.com","+1 305-676-7043","https://www.tsroofingsystems.com/?utm_source=google&utm_medium=organic&utm_campaign=gmb","4.8","1252","quick question regarding T&S Roofing Systems's operations in Miami","queued"
"lead_harv_1790851240768_267","A&E Brothers Roofing","Miami","United States","America/New_York","email","info@aebrothersroofing.com","aebrothersroofcom.mail.outlook.com","+1 305-815-7208","https://www.aebrothersroofing.com/","4.9","561","quick question regarding A&E Brothers Roofing's operations in Miami","queued"
"lead_harv_1790851245574_268","4EVER ROOFING","Miami","United States","America/New_York","email","info@4everoofing.com","aspmx.l.google.com","+1 786-564-1020","https://www.4everroofing305.com/","5","237","quick question regarding 4EVER ROOFING's operations in Miami","queued"
"lead_harv_1790851253794_269","Miami Roof-Tech","Miami","United States","America/New_York","email","info@miamirooftech.com","smtp.google.com","+1 305-722-7606","https://miamirooftech.com/","4.9","143","quick question regarding Miami Roof-Tech's operations in Miami","queued"
"lead_harv_1790851259787_270","Palma Roofing","Miami","United States","America/New_York","email","info@palmaroofing.com","aspmx.l.google.com","+1 786-803-5439","https://palmaroofing.com/","4.9","95","quick question regarding Palma Roofing's operations in Miami","queued"
"lead_harv_1790851267155_271","Istueta Roofing","Miami","United States","America/New_York","email","info@istuetaroofing.com","istuetaroofing-com.mail.protection.outlook.com","+1 305-614-6245","https://www.istuetaroofing.com/","4.8","294","quick question regarding Istueta Roofing's operations in Miami","queued"
"lead_harv_1790851272486_272","Jireh Roofing Contractor USA, INC","Miami","United States","America/New_York","email","office@jirehroofingcontractorusainc.com","aspmx.l.google.com","+1 305-900-9322","https://www.jirehroofingcontractorusainc.com/","4.9","221","quick question regarding Jireh Roofing Contractor USA,'s operations in Miami","queued"
"lead_harv_1790851280378_273","Top Hat Roofing","Miami","United States","America/New_York","contact_form","","","+1 786-933-9660","https://tophatroofing.homes/","4.9","117","quick question regarding Top Hat Roofing's operations in Miami","queued"
"lead_harv_1790851294401_274","Best Roofing Miami","Miami","United States","America/New_York","contact_form","","","+1 888-511-6027","https://www.bestroofing.net/","5","40","quick question regarding Best Roofing Miami's operations in Miami","queued"
"lead_harv_1790851297889_275","Centurion Roofing","Miami","United States","America/New_York","contact_form","","","+1 786-372-4754","https://centurionroofing.net/","4.9","69","quick question regarding Centurion Roofing's operations in Miami","queued"
"lead_harv_1790851300052_276","Atlantic Roofing Miami","Miami","United States","America/New_York","contact_form","","","+1 786-401-8964","https://runable.com/chat/eff9e100-5d51-4ea9-9a60-1a47f89c42f7","4.9","43","quick question regarding Atlantic Roofing Miami's operations in Miami","queued"
"lead_harv_1790851303631_277","Ace Roofing Miami","Miami","United States","America/New_York","contact_form","","","+1 645-215-0971","http://aceroofingmiami.com/","5","11","quick question regarding Ace Roofing Miami's operations in Miami","queued"
"lead_harv_1790851317319_278","Canopy Roofing Inc","Miami","United States","America/New_York","contact_form","","","+1 786-523-4999","http://www.canopyroofers.com/","4.9","121","quick question regarding Canopy Roofing's operations in Miami","queued"
"lead_harv_1790851323319_279","Dynasty Roofing LLC","Miami","United States","America/New_York","contact_form","","","+1 786-935-7228","http://dynastyroofingllc.us/","4.9","116","quick question regarding Dynasty Roofing's operations in Miami","queued"
"lead_harv_1790851331003_280","Fix Up Roofing and Construction LLC","Miami","United States","America/New_York","email","cs@fixuproofing.com","smtp.google.com","+1 786-235-2435","https://fixuproofing.com/?utm_source=google&utm_medium=organic&utm_campaign=gmb-primary-link","5","290","quick question regarding Fix Up Roofing and Construction's operations in Miami","queued"
"lead_harv_1790851335046_281","Roofing Experts Services","Miami","United States","America/New_York","email","sales@roofingex.com","roofingex-com.mail.protection.outlook.com","+1 786-786-0361","https://roofingex.com/","5","147","quick question regarding Roofing Experts Services's operations in Miami","queued"
"lead_harv_1790851338919_282","Quality Miami FL Roofing","Miami","United States","America/New_York","contact_form","","","+1 645-215-0914","http://qualitymiamiflroofing.com/","5","10","quick question regarding Quality Miami FL Roofing's operations in Miami","queued"
"lead_harv_1790851345038_283","Mainland Roofing Company","Miami","United States","America/New_York","email","office@mainlandroofing.com","mainlandroofing-com.mail.protection.outlook.com","+1 305-696-7663","http://mainlandroofing.com/","4.8","79","quick question regarding Mainland Roofing Company's operations in Miami","queued"
"lead_harv_1790851354809_284","Proper Roofing Inc. - Top Rated Roofing, Windows And Remodeling.","Miami","United States","America/New_York","email","appointment@properoofing.com","aspmx.l.google.com","+1 786-891-1771","https://www.properoofing.com/?utm_source=GMB&utm_medium=organic","4.9","702","quick question regarding Proper Roofing . - Top Rated Roofing, Windows And Remodeling.'s operations in Miami","queued"
"lead_harv_1790851359297_285","Martinez Roofing Miami","Miami","United States","America/New_York","email","info@martinezroofingmiami.com","martinezroofingmiami.com","+1 786-339-7285","https://www.martinezroofingmiami.com/","5","11","quick question regarding Martinez Roofing Miami's operations in Miami","queued"
"lead_harv_1790851370797_286","City Roofing","Miami","United States","America/New_York","contact_form","","","+1 305-614-2763","https://mycityroofing.com/?utm_campaign=gmb&y_source=1_ndgwmjeymdetnze1lwxvy2f0aw9ulndlynnpdgu=","4.8","420","quick question regarding City Roofing's operations in Miami","queued"
"lead_harv_1790851378043_287","Caston Roofing","Miami","United States","America/New_York","contact_form","","","+1 305-279-0475","https://www.castonroofing.com/","4.9","52","quick question regarding Caston Roofing's operations in Miami","queued"
"lead_harv_1790851382764_288","Isaac David Roofing Miami Beach","Miami","United States","America/New_York","email","info@isaacdavidroofing.net","mail.isaacdavidroofing.net","+1 305-988-8434","https://isaacdavidroofing.net/","5","52","quick question regarding Isaac David Roofing Miami Beach's operations in Miami","queued"
"lead_harv_1790851392831_289","Perkins Roofing - Miami","Miami","United States","America/New_York","contact_form","","","+1 305-642-7663","https://perkinsroofing.net/?utm_source=gbp_listing&utm_medium=organic","4.8","176","quick question regarding Perkins Roofing - Miami's operations in Miami","queued"
"lead_harv_1790851404521_290","T & E Roofing Inc","Miami","United States","America/New_York","contact_form","","","+1 786-315-8352","https://www.teroof.com/","4.9","182","quick question regarding T & E Roofing's operations in Miami","queued"
"lead_harv_1790851411513_291","Florida Commercial Roofing and Construction","Miami","United States","America/New_York","email","info@floridacommercialroofing.net","mx10.antispam.mailspamprotection.com","+1 305-908-1450","https://floridacommercialroofing.net/miami-commercial-roofing-contractors/","4.8","26","quick question regarding Florida Commercial Roofing and Construction's operations in Miami","queued"
"lead_harv_1790851415433_292","Art's Roofing & Construction","Miami","United States","America/New_York","email","info@artsroofing.com","artsroofing-com.mail.protection.outlook.com","+1 786-481-4014","https://www.artsroofing.com/","5","147","quick question regarding Art's Roofing & Construction's operations in Miami","queued"
"lead_harv_1790851416698_293","Big Al's Roofing","Miami","United States","America/New_York","email","bigalmiami@gmail.com","gmail-smtp-in.l.google.com","+1 305-900-8297","https://bigalsroofing.com/","4.8","80","quick question regarding Big Al's Roofing's operations in Miami","queued"
"lead_harv_1790851416921_294","Panhandle Premier Roofing","Miami","United States","America/New_York","whatsapp","","","+1 786-650-0094","","4.8","75","quick question regarding Panhandle Premier Roofing's operations in Miami","queued"
"lead_harv_1790851422750_295","Perfect Roofing of FL","Miami","United States","America/New_York","email","info@perfectroofingfl.com","perfectroofingfl-com.mail.protection.outlook.com","+1 786-393-8615","https://perfectroofingfl.com/","4.9","144","quick question regarding Perfect Roofing of FL's operations in Miami","queued"
"lead_harv_1790851427079_296","Exact Roofing","Miami","United States","America/New_York","contact_form","","","+1 786-807-6343","http://www.exactroofingmiami.com/","4.5","79","quick question regarding Exact Roofing's operations in Miami","queued"
"lead_harv_1790851437445_297","Earl W. Johnston Roofing","Miami","United States","America/New_York","email","info@johnstonroofing.com","mx1-us1.ppe-hosted.com","+1 954-989-7794","https://www.johnstonroofing.com/","4.8","440","quick question regarding Earl W. Johnston Roofing's operations in Miami","queued"
"lead_harv_1790851441336_298","MRT Construction","Miami","United States","America/New_York","email","admin@mrtconstruction.com","mail.mrtconstruction.com","+1 786-375-1725","https://mrt.ai/","5","111","quick question regarding MRT Construction's operations in Miami","queued"
"lead_harv_1790851445670_299","South Miami Roofing","Miami","United States","America/New_York","contact_form","","","+1 305-910-7388","https://southmiamiroofing.com/","4.7","3","quick question regarding South Miami Roofing's operations in Miami","queued"
"lead_harv_1790851455071_300","Affordable Contractors, Inc.","Miami","United States","America/New_York","email","info@affordableroofingcontractors.com","affordableroofingcontractors-com.mail.protection.outlook.com","+1 305-615-5174","http://www.affordableroofingcontractors.com/?utm_source=GoogleBusinessProfile&utm_medium=organic","4.8","97","quick question regarding Affordable Contractors, .'s operations in Miami","queued"
"lead_harv_1790851466131_301","M3 Roofing","Miami","United States","America/New_York","email","info@m3roofmiami.com","aspmx.l.google.com","+1 305-265-5000","http://www.m3roofmiami.com/","4.9","111","quick question regarding M3 Roofing's operations in Miami","queued"
"lead_harv_1790851470611_302","MIBE GROUP INC","Miami","United States","America/New_York","email","info@miamibestroofing.com","mx1.titan.email","+1 786-808-6212","https://miamibestroofing.com/","5","137","quick question regarding MIBE's operations in Miami","queued"
"lead_harv_1790851481157_303","A-1 Commercial Roofing Contractor","Miami","United States","America/New_York","email","info@a1roofingcontractors.com","smtp.secureserver.net","+1 786-952-5012","https://www.a1roofingcontractors.com/","4.5","116","quick question regarding A-1 Commercial Roofing Contractor's operations in Miami","queued"
"lead_harv_1790851489881_304","Ridge Roofing and Building LLC | Roofing Contractor | Roof Repair | EPDM and TPO | Asphalt Shingle | Miami FL","Miami","United States","America/New_York","contact_form","","","+1 305-725-7109","https://www.ridgeroofingandbuildingllc.com/index.php","4.7","14","quick question regarding Ridge Roofing and Building  | Roofing Contractor | Roof Repair | EPDM and TPO | Asphalt Shingle | Miami FL's operations in Miami","queued"
"lead_harv_1790851495087_305","CAD Roof Solutions","Miami","United States","America/New_York","email","info@cadroofsolutionsinc.com","smtp.google.com","+1 954-471-4966","http://cadroofsolutions.com/","5","22","quick question regarding CAD Roof Solutions's operations in Miami","queued"
"lead_harv_1790851512510_306","Rainbow Roofing Master","Miami","United States","America/New_York","contact_form","","","+1 305-301-2017","https://www.rainbowroofingmaster.com/","4.9","40","quick question regarding Rainbow Roofing Master's operations in Miami","queued"
"lead_harv_1790851531771_307","AJF Roofing","Miami","United States","America/New_York","email","info@ajfroofingfl.com","mx00.ionos.com","+1 305-456-8006","https://ajfroofingfl.com/","4.7","89","quick question regarding AJF Roofing's operations in Miami","queued"
"lead_harv_1790851544030_308","Real Roofing Contractor Miami Inc","Miami","United States","America/New_York","contact_form","","","+1 786-733-3676","https://realroofingcontractormiami.com/?utm_source=google&utm_medium=organic","5","9","quick question regarding Real Roofing Contractor Miami's operations in Miami","queued"
"lead_harv_1790851575187_309","Green Home Roofing, Inc","Miami","United States","America/New_York","email","office@greenhomeroofinginc.com","greenhomeroofinginc-com.mail.protection.outlook.com","+1 786-521-0022","https://greenhomeroofinginc.com/","4.9","145","quick question regarding Green Home Roofing,'s operations in Miami","queued"
"lead_harv_1790851578817_310","Florida Standard Roofing","Miami","United States","America/New_York","contact_form","","","+1 305-529-5899","http://www.floridastandardroofing.com/","4.7","30","quick question regarding Florida Standard Roofing's operations in Miami","queued"
"lead_harv_1790851580058_311","Emerald Roofing, Inc.","Miami","United States","America/New_York","contact_form","","","+1 305-637-1659","http://emeraldroofinginc.com/","4.8","53","quick question regarding Emerald Roofing, .'s operations in Miami","queued"
"lead_harv_1790851583126_312","KDM Roofing","Miami","United States","America/New_York","contact_form","","","+1 786-569-3471","http://www.payoli.net/","5","50","quick question regarding KDM Roofing's operations in Miami","queued"
"lead_harv_1790851596918_313","Citrus County Roofing.","Miami","United States","America/New_York","contact_form","","","+1 954-353-9770","http://miamiroofingflorida.com/","4.9","55","quick question regarding Citrus County Roofing.'s operations in Miami","queued"
"lead_harv_1790851603850_314","High Point Roofing Corp","Miami","United States","America/New_York","email","highpointroofingcorp@yahoo.com","mta5.am0.yahoodns.net","+1 305-801-5332","https://www.highpointroofingcorp.com/","4.8","43","quick question regarding High Point Roofing's operations in Miami","queued"
"lead_harv_1790851608193_315","Gerico Construction Windows & Roofing","Miami","United States","America/New_York","email","info@gericoconstructionfl.com","alt3.aspmx.l.google.com","+1 305-686-0100","https://gericoconstructionfl.com/","5","31","quick question regarding Gerico Construction Windows & Roofing's operations in Miami","queued"
"lead_harv_1790851622288_316","HOFF'S ROOFING & METAL WORKS, INC.","Miami","United States","America/New_York","contact_form","","","+1 305-502-1678","https://www.hoofsroofing.com/","5","46","quick question regarding HOFF'S ROOFING & METAL WORKS, .'s operations in Miami","queued"
"lead_harv_1790851639380_317","Miami Roofing Contractor Ltd","Miami","United States","America/New_York","contact_form","","","+1 786-432-6983","https://www.roofingcontractorofmiami.com/?utm_source=google&utm_medium=organic","5","9","quick question regarding Miami Roofing Contractor's operations in Miami","queued"
"lead_harv_1790851643400_318","Del Sol Roofing","Miami","United States","America/New_York","email","dsr@delsolroofing.com","delsolroofing-com.mail.protection.outlook.com","+1 305-228-0218","https://delsolroofing.com/?utm_campaign=gmb","4.5","140","quick question regarding Del Sol Roofing's operations in Miami","queued"
"lead_harv_1790851643602_319","Bayfront Roofing LLC","Miami","United States","America/New_York","whatsapp","","","+1 786-550-0901","","4.8","42","quick question regarding Bayfront Roofing's operations in Miami","queued"
"lead_harv_1790851644144_320","Roofing & Multiple Services","Miami","United States","America/New_York","whatsapp","","","+1 786-259-1793","","4.8","58","quick question regarding Roofing & Multiple Services's operations in Miami","queued"
"lead_harv_1790851647175_321","Metal Roof Master","Miami","United States","America/New_York","contact_form","","","+1 305-666-4848","https://metalroofmaster.com/","4.9","81","quick question regarding Metal Roof Master's operations in Miami","queued"
"lead_harv_1790851647402_322","Roofers Core Builders","Miami","United States","America/New_York","whatsapp","","","+1 645-666-1250","","4.8","35","quick question regarding Roofers Core Builders's operations in Miami","queued"
"lead_harv_1790851661115_323","Best Roofing","Miami","United States","America/New_York","contact_form","","","+1 888-884-6091","https://www.bestroofing.net/","4.7","353","quick question regarding Best Roofing's operations in Miami","queued"
"lead_harv_1790851671325_324","Extreme Roofing Inc","Miami","United States","America/New_York","email","info@extremeroofingmiami.com","aspmx.l.google.com","+1 305-225-1535","http://extremeroofingmiami.com/","4.8","32","quick question regarding Extreme Roofing's operations in Miami","queued"
"lead_harv_1790851678049_325","Bader Law - Personal Injury Attorneys","Atlanta","United States","America/New_York","contact_form","","","+1 470-777-6494","https://baderlaw.com/atlanta-personal-injury-lawyer/?utm_campaign=gmb&utm_medium=organic&utm_source=google","4.8","3841","quick question regarding Bader Law - Personal Injury Attorneys's operations in Atlanta","queued"
"lead_harv_1790851689274_326","Montlick Injury Attorneys","Atlanta","United States","America/New_York","email","email@montlick.com","montlick-com.mail.protection.outlook.com","+1 800-529-6333","https://www.montlick.com/","4.9","1668","quick question regarding Montlick Injury Attorneys's operations in Atlanta","queued"
"lead_harv_1790851694216_327","The Wilson PC","Atlanta","United States","America/New_York","email","info@thewilsonpc.com","mx-01-us-west-2.prod.hydra.sophos.com","+1 470-280-0994","https://www.thewilsonpc.com/areas-we-serve/atlanta-ga/car-accident-lawyer/?utm_source=google&utm_medium=organic&utm_campaign=gbp&utm_content=atlanta","4.9","2435","quick question regarding The Wilson PC's operations in Atlanta","queued"
"lead_harv_1790851701967_328","Tobin Injury Law - Personal Injury Lawyer Atlanta","Atlanta","United States","America/New_York","email","darren@tobininjurylaw.com","tobininjurylaw-com.mail.protection.outlook.com","+1 404-587-8423","https://www.tobininjurylaw.com/","5","442","quick question regarding Tobin Injury Law - Personal Injury Lawyer Atlanta's operations in Atlanta","queued"
"lead_harv_1790851716064_329","Morgan & Morgan","Atlanta","United States","America/New_York","contact_form","","","+1 404-965-8811","https://www.forthepeople.com/office-locations/georgia/atlanta/?utm_source=GMB&utm_medium=local&utm_campaign=AtlantaGAGMB","4.6","13241","quick question regarding Morgan & Morgan's operations in Atlanta","queued"
"lead_harv_1790851723044_330","John Foy & Associates, Accident & Injury Lawyers - Atlanta","Atlanta","United States","America/New_York","contact_form","","","+1 404-224-9778","https://www.johnfoy.com/?utm_source=google&utm_medium=organic&utm_campaign=gbp-listing-atlanta","4.6","4820","quick question regarding John Foy & Associates, Accident & Injury Lawyers - Atlanta's operations in Atlanta","queued"
"lead_harv_1790851729096_331","CEO Lawyer Personal Injury Law Firm","Atlanta","United States","America/New_York","contact_form","","","+1 404-777-8800","https://ceolawyer.com/atlanta-personal-injury/?utm_source=GMB&utm_medium=GMB&utm_campaign=ATL","4.9","1264","quick question regarding CEO Lawyer Personal Injury Law Firm's operations in Atlanta","queued"
"lead_harv_1790851736380_332","Henningsen Injury Attorneys, P.C., Atlanta PI Attorney","Atlanta","United States","America/New_York","contact_form","","","+1 404-882-6810","https://atlantapiattorney.com/","4.9","377","quick question regarding Henningsen Injury Attorneys, P.C., Atlanta PI Attorney's operations in Atlanta","queued"
"lead_harv_1790851741508_333","Witherite Law Group","Atlanta","United States","America/New_York","email","mediainquiries@prexperts.net","aspmx.l.google.com","+1 800-878-2597","http://www.1800truckwreck.com/","4.8","2120","quick question regarding Witherite Law's operations in Atlanta","queued"
"lead_harv_1790851745940_334","Spaulding Injury Law: Personal Injury & Car Accident Lawyer","Atlanta","United States","America/New_York","email","contact@spauldinginjurylaw.com","mx1-us1.ppe-hosted.com","+1 770-762-2932","https://www.spauldinginjurylaw.com/","5","175","quick question regarding Spaulding Injury Law: Personal Injury & Car Accident Lawyer's operations in Atlanta","queued"
"lead_harv_1790851752698_335","Kaine Law Personal Injury Lawyers","Atlanta","United States","America/New_York","contact_form","","","+1 404-882-2963","https://kainelaw.com/?atlanta=&utm_source=google&utm_medium=organic&utm_campaign=gbp-listing-atlanta","4.9","1072","quick question regarding Kaine Law Personal Injury Lawyers's operations in Atlanta","queued"
"lead_harv_1790851762124_336","Hornsby Law Group","Atlanta","United States","America/New_York","contact_form","","","+1 404-577-1505","https://www.hornsbylaw.com/","4.9","399","quick question regarding Hornsby Law's operations in Atlanta","queued"
"lead_harv_1790851765909_337","The Mabra Law Firm","Atlanta","United States","America/New_York","email","wecare@mabralaw.com","us-smtp-inbound-1.mimecast.com","+1 404-344-5255","https://mabrafirm.com/","4.9","875","quick question regarding The Mabra Law Firm's operations in Atlanta","queued"
"lead_harv_1790851774481_338","The Law Offices of Julian Lewis Sanders & Associates","Atlanta","United States","America/New_York","email","intake@juliansanderslaw.com","juliansanderslaw-com.mail.protection.outlook.com","+1 678-705-9581","https://juliansanderslaw.com/","4.7","4555","quick question regarding The Law Offices of Julian Lewis Sanders & Associates's operations in Atlanta","queued"
"lead_harv_1790851787767_339","Holston & Huntley","Atlanta","United States","America/New_York","contact_form","","","+1 678-928-7729","https://mylawyerismybuddy.com/georgia/atlanta/","4.9","999","quick question regarding Holston & Huntley's operations in Atlanta","queued"
"lead_harv_1790851800437_340","The Dressie Law Firm, LLC","Atlanta","United States","America/New_York","email","info@dressielaw.com","aspmx.l.google.com","+1 770-232-6075","https://www.dressielaw.com/?utm_source=google&utm_medium=organic&utm_campaign=gbp&utm_content=atlanta-ga","4.9","855","quick question regarding The Dressie Law Firm,'s operations in Atlanta","queued"
"lead_harv_1790851807409_341","Van Sant Law, LLC","Atlanta","United States","America/New_York","contact_form","","","+1 404-220-9614","https://www.vansantlaw.com/?utm_source=google&utm_medium=organic&utm_campaign=gbp-listing-atlanta","5","260","quick question regarding Van Sant Law,'s operations in Atlanta","queued"
"lead_harv_1790851810550_342","Butler Kahn: Wrongful Death & Serious Injury Lawyers","Atlanta","United States","America/New_York","contact_form","","","+1 678-672-3340","https://butlerfirm.com/?utm_source=google&utm_medium=organic&utm_campaign=gmb-lisiting&utm_content=atlanta-office","5","458","quick question regarding Butler Kahn: Wrongful Death & Serious Injury Lawyers's operations in Atlanta","queued"
"lead_harv_1790851813554_343","Monge & Associates Injury and Accident Attorneys - Atlanta","Atlanta","United States","America/New_York","email","your-email@email.com","mx00.mail.com","+1 678-535-3938","https://www.becauseyouwanttowin.com/?utm_source=website&utm_medium=navigation-serving","4.8","3404","quick question regarding Monge & Associates Injury and Accident Attorneys - Atlanta's operations in Atlanta","queued"
"lead_harv_1790851819181_344","Kaufman Injury Law","Atlanta","United States","America/New_York","contact_form","","","+1 404-620-4992","https://kaufmanlawatlanta.com/","4.9","376","quick question regarding Kaufman Injury Law's operations in Atlanta","queued"
"lead_harv_1790851829926_345","Georgia Auto Law: Auto Accident Attorneys","Atlanta","United States","America/New_York","email","info@georgiaautolaw.com","aspmx.l.google.com","+1 404-939-7968","https://georgiaautolaw.com/locations/georgia/atlanta","4.9","1204","quick question regarding Georgia Auto Law: Auto Accident Attorneys's operations in Atlanta","queued"
"lead_harv_1790851836163_346","KIM LAW","Atlanta","United States","America/New_York","contact_form","","","+1 770-837-3207","https://thekimlaw.com/","5","806","quick question regarding KIM LAW's operations in Atlanta","queued"
"lead_harv_1790851843233_347","The Millar Law Firm","Atlanta","United States","America/New_York","contact_form","","","+1 770-212-3795","https://atlantaadvocate.com/atlanta/","4.9","193","quick question regarding The Millar Law Firm's operations in Atlanta","queued"
"lead_harv_1790851845672_348","Monge & Associates Injury and Accident Attorneys","Atlanta","United States","America/New_York","email","your-email@email.com","mx00.mail.com","+1 404-383-5634","https://www.becauseyouwanttowin.com/?utm_source=website&utm_medium=navigation-serving","4.9","626","quick question regarding Monge & Associates Injury and Accident Attorneys's operations in Atlanta","queued"
"lead_harv_1790851850521_349","Shani O. Brooks P.C.","Atlanta","United States","America/New_York","contact_form","","","+1 404-920-4736","https://shanibrookslaw.com/?utm_source=Google&utm_id=GBP","4.9","280","quick question regarding Shani O. Brooks P.C.'s operations in Atlanta","queued"
"lead_harv_1790851857473_350","The Kalka Law Group","Atlanta","United States","America/New_York","contact_form","","","+1 404-999-0745","https://www.kalkalaw.com/car-accident-lawyer-atlanta-ga-car-crash-injury-lawyer-near-me/?utm_source=TRD&utm_medium=organic&utm_campaign=GBP_Main&utm_content=GBP_Atlanta_TRD","4.9","410","quick question regarding The Kalka Law's operations in Atlanta","queued"
"lead_harv_1790851864941_351","Hasner Law: Atlanta Injury & Workers' Compensation Attorneys","Atlanta","United States","America/New_York","email","contact@hasnerlaw.com","hasnerlaw-com.mail.protection.outlook.com","+1 678-967-0558","https://www.hasnerlaw.com/atlanta-personal-injury-lawyer/?utm_source=google&utm_medium=organic&utm_campaign=gbp_atlanta","4.9","427","quick question regarding Hasner Law: Atlanta Injury & Workers' Compensation Attorneys's operations in Atlanta","queued"
"lead_harv_1790851900394_352","Attorney Big Al Atlanta","Atlanta","United States","America/New_York","contact_form","","","+1 404-999-3827","https://attorneybigalatlanta.com/personal-injury/","4.7","532","quick question regarding Attorney Big Al Atlanta's operations in Atlanta","queued"
"lead_harv_1790851908401_353","Atlanta Injury Attorneys","Atlanta","United States","America/New_York","email","support@thisisarray.com","aspmx.l.google.com","+1 678-533-5332","https://atlantainjuryattorneys.com/","5","48","quick question regarding Atlanta Injury Attorneys's operations in Atlanta","queued"
"lead_harv_1790851923593_354","Atlanta Personal Injury Law Firm — First Class","Atlanta","United States","America/New_York","email","info@atlpersonalinjurylawfirm.com","aspmx.l.google.com","+1 470-888-8561","https://atlpersonalinjurylawfirm.com/?utm_campaign=gmb","5","47","quick question regarding Atlanta Personal Injury Law Firm — First Class's operations in Atlanta","queued"
"lead_harv_1790851931639_355","Hansford McDaniel - Workers' Compensation Attorneys","Atlanta","United States","America/New_York","contact_form","","","+1 770-629-8857","https://www.hansfordlawfirm.com/atlanta/?utm_campaign=gmb&utm_medium=organic&utm_source=gmb","4.9","1131","quick question regarding Hansford McDaniel - Workers' Compensation Attorneys's operations in Atlanta","queued"
"lead_harv_1790851940885_356","Moebes Law Workers' Compensation and Personal Injury Lawyer, LLC","Atlanta","United States","America/New_York","contact_form","","","+1 404-948-6555","https://moelaw.com/?utm_source=google&utm_medium=organic&utm_campaign=gbp-listing-atlanta","4.9","177","quick question regarding Moebes Law Workers' Compensation and Personal Injury Lawyer,'s operations in Atlanta","queued"
"lead_harv_1790851952176_357","The Baer Law Firm","Atlanta","United States","America/New_York","contact_form","","","+1 404-843-2237","https://thebaerfirm.com/","5","201","quick question regarding The Baer Law Firm's operations in Atlanta","queued"
"lead_harv_1790851963898_358","Howe.Law Injury & Accident Lawyers","Atlanta","United States","America/New_York","contact_form","","","+1 678-293-9307","https://howe.law/atlanta","5","196","quick question regarding Howe.Law Injury & Accident Lawyers's operations in Atlanta","queued"
"lead_harv_1790851966751_359","Rafi Law Firm","Atlanta","United States","America/New_York","email","john.doe@email.com","mx00.mail.com","+1 404-806-9060","https://www.rafilawfirm.com/?utm_source=AtlantaGBP&utm_medium=organic","4.8","330","quick question regarding Rafi Law Firm's operations in Atlanta","queued"
"lead_harv_1790851970180_360","Graham Scofield Injury Lawyers","Atlanta","United States","America/New_York","email","advice@atlinjurylawyers.com","atlinjurylawyers-com.mail.protection.outlook.com","+1 404-531-1943","https://atlinjurylawyers.com/?utm_source=GMB&utm_medium=local","5","151","quick question regarding Graham Scofield Injury Lawyers's operations in Atlanta","queued"
"lead_harv_1790851980188_361","My 25% Lawyer","Atlanta","United States","America/New_York","email","help@my25lawyer.com","mx2-us1.ppe-hosted.com","+1 833-254-7255","https://my25lawyer.com/?utm_source=google&utm_medium=organic&utm_campaign=gbp","4.6","1772","quick question regarding My 25% Lawyer's operations in Atlanta","queued"
"lead_harv_1790851987229_362","Robert Leanza Williams Jr. Attorney at Law","Atlanta","United States","America/New_York","email","intakes@bigtimelaw.com","bigtimelaw-com.mail.protection.outlook.com","+1 404-377-7028","https://bigtimelaw.com/?utm_source=gbp&utm_medium=referral&utm_campaign=profile","4.9","299","quick question regarding Robert Leanza Williams Jr. Attorney at Law's operations in Atlanta","queued"
"lead_harv_1790851991195_363","Humphrey & Ballard Law","Atlanta","United States","America/New_York","email","david@humphreyballardlaw.com","aspmx.l.google.com","+1 404-446-9854","https://hbinjurylawyers.com/","4.9","140","quick question regarding Humphrey & Ballard Law's operations in Atlanta","queued"
"lead_harv_1790851997362_364","The Brown Firm","Atlanta","United States","America/New_York","contact_form","","","+1 404-855-2190","https://www.harrybrownlaw.com/","4.9","407","quick question regarding The Brown Firm's operations in Atlanta","queued"
"lead_harv_1790852008016_365","BOB Law Firm","Atlanta","United States","America/New_York","email","info@boblawfirm.com","smtp.google.com","+1 404-445-2304","https://www.boblawfirm.com/?utm_source=google&utm_medium=organic&utm_campaign=gbp","5","632","quick question regarding BOB Law Firm's operations in Atlanta","queued"
"lead_harv_1790852010800_366","The Angell Law Firm, LLC","Atlanta","United States","America/New_York","contact_form","","","+1 404-390-2264","https://georgiainjurylawyer.com/","4.8","356","quick question regarding The Angell Law Firm,'s operations in Atlanta","queued"
"lead_harv_1790852015264_367","Council & Associates, LLC - Atlanta Car Accident & Personal Injury Lawyers","Atlanta","United States","America/New_York","contact_form","","","+1 404-905-1185","https://thecouncilfirm.com/?utm_campaign=gmb","4.9","397","quick question regarding Council & Associates,  - Atlanta Car Accident & Personal Injury Lawyers's operations in Atlanta","queued"
"lead_harv_1790852023711_368","Gunn Law Group","Atlanta","United States","America/New_York","contact_form","","","+1 770-800-0945","http://www.thegunnlawgroup.com/","4.9","604","quick question regarding Gunn Law's operations in Atlanta","queued"
"lead_harv_1790852028975_369","Kevin Patrick Law","Atlanta","United States","America/New_York","email","kevin@patricktriallaw.com","d239927a.ess.barracudanetworks.com","+1 404-566-5880","https://patricktriallaw.com/","5","213","quick question regarding Kevin Patrick Law's operations in Atlanta","queued"
"lead_harv_1790852034318_370","The Weinstein Firm","Atlanta","United States","America/New_York","contact_form","","","+1 404-800-3781","https://weinsteinwin.com/atlanta/?utm_source=google&utm_medium=organic&utm_campaign=gbp_atlanta","4.9","476","quick question regarding The Weinstein Firm's operations in Atlanta","queued"
"lead_harv_1790852038665_371","Alexander Shunnarah Trial Attorneys","Atlanta","United States","America/New_York","contact_form","","","+1 470-397-3946","https://shunnarah.com/location/atlanta/?utm_source=google&utm_medium=gbp&utm_campaign=atlanta-ga","4.5","1184","quick question regarding Alexander Shunnarah Trial Attorneys's operations in Atlanta","queued"
"lead_harv_1790852042183_372","Tabbaa Law, LLC","Atlanta","United States","America/New_York","contact_form","","","+1 770-370-7881","https://tabbaalaw.com/?utm_campaign=gmb","5","206","quick question regarding Tabbaa Law,'s operations in Atlanta","queued"
"lead_harv_1790852047035_373","Casey Stevens Law: Atlanta Personal Injury Lawyers & Car Accident Attorneys","Atlanta","United States","America/New_York","contact_form","","","+1 678-240-2498","https://www.cwstevenslaw.com/?utm_source=google&utm_medium=local","4.5","10","quick question regarding Casey Stevens Law: Atlanta Personal Injury Lawyers & Car Accident Attorneys's operations in Atlanta","queued"
"lead_harv_1790852055120_374","MG Law | Beltline Lawyers","Atlanta","United States","America/New_York","contact_form","","","+1 770-758-4769","https://www.mg4law.com/atlanta-personal-injury-lawyer/?utm_source=local&utm_medium=GMB&utm_campaign=Atlanta_GMB","5","154","quick question regarding MG Law | Beltline Lawyers's operations in Atlanta","queued"
"lead_harv_1790852059032_375","The Gumprecht Law Firm","Atlanta","United States","America/New_York","email","office@galawfirm.com","aspmx.l.google.com","+1 678-800-1050","https://www.galawfirm.com/?utm_source=google&utm_medium=organic&utm_campaign=gbp","5","182","quick question regarding The Gumprecht Law Firm's operations in Atlanta","queued"
"lead_harv_1790852063909_376","H Groves Law, LLC","Atlanta","United States","America/New_York","email","info@hgroveslaw.com","aspmx.l.google.com","+1 770-758-1490","https://hgroveslaw.com/?utm_source=google&utm_medium=organic&utm_campaign=gbp","4.8","331","quick question regarding H Groves Law,'s operations in Atlanta","queued"
"lead_harv_1790852069042_377","Kanner & Pintaluga","Atlanta","United States","America/New_York","contact_form","","","+1 770-755-9651","https://kpattorney.com/offices/georgia/atlanta/?utm_source=google&utm_medium=organic&utm_campaign=gbp&utm_content=atlanta","4.2","4446","quick question regarding Kanner & Pintaluga's operations in Atlanta","queued"
"lead_harv_1790852079439_378","Fry Goehring Law Firm","Atlanta","United States","America/New_York","contact_form","","","+1 404-969-1284","https://www.frygoehring.com/?utm_source=organic&utm_medium=gbp&utm_campaign=atlanta","4.9","318","quick question regarding Fry Goehring Law Firm's operations in Atlanta","queued"
"lead_harv_1790852091062_379","Fried Goldberg LLC","Atlanta","United States","America/New_York","contact_form","","","+1 404-591-1800","https://www.friedgoldberg.com/","5","215","quick question regarding Fried Goldberg's operations in Atlanta","queued"
"lead_harv_1790852095916_380","TopDog Law Personal Injury Lawyers","Atlanta","United States","America/New_York","email","reception@topdoglaw.com","aspmx.l.google.com","+1 404-620-4059","https://topdoglaw.com/personal-injury-lawyer/georgia/atlanta/?utm_source=google&utm_medium=organic&utm_campaign=GMB-College-Atlanta-GA","4.8","330","quick question regarding TopDog Law Personal Injury Lawyers's operations in Atlanta","queued"
"lead_harv_1790852107445_381","Flanagan Law, P.C.","Atlanta","United States","America/New_York","email","info@bflanlaw.com","aspmx.l.google.com","+1 404-480-4474","https://bflanlaw.com/?utm_source=google&utm_medium=organic&utm_campaign=gbp","5","214","quick question regarding Flanagan Law, P.C.'s operations in Atlanta","queued"
"lead_harv_1790852116828_382","South Atlanta Injury Lawyers, LLC","Atlanta","United States","America/New_York","contact_form","","","+1 470-946-4968","https://www.southatlantainjurylawyers.com/?utm_source=google&utm_medium=organic&utm_campaign=gbp_listing","4.9","343","quick question regarding South Atlanta Injury Lawyers,'s operations in Atlanta","queued"
"lead_harv_1790852120986_383","Karell Trial Attorneys","Atlanta","United States","America/New_York","contact_form","","","+1 678-999-3331","https://karell.law/","4.9","192","quick question regarding Karell Trial Attorneys's operations in Atlanta","queued"
"lead_harv_1790852126600_384","Shiver Hamilton Campbell","Atlanta","United States","America/New_York","contact_form","","","+1 404-593-0020","https://www.shiverhamilton.com/atlanta-truck-accident-lawyers/","5","143","quick question regarding Shiver Hamilton Campbell's operations in Atlanta","queued"
"lead_harv_1790852136322_385","Moncrief Heating & Air Conditioning","Atlanta","United States","America/New_York","contact_form","","","+1 470-964-5141","https://www.moncriefair.com/?utm_source=google&utm_medium=organic&utm_campaign=GMBListing-Atlanta-GA","4.8","3393","quick question regarding Moncrief Heating & Air Conditioning's operations in Atlanta","queued"
"lead_harv_1790852139688_386","Hope Heating & AC Repair","Atlanta","United States","America/New_York","contact_form","","","+1 678-916-9828","https://hopehvac.com/service/ac-repair-atlanta-ga/?utm_source=google&utm_medium=organic&utm_campaign=gbp_atlanta","5","732","quick question regarding Hope Heating & AC Repair's operations in Atlanta","queued"
"lead_harv_1790852144260_387","PV Heating, Cooling & Plumbing","Atlanta","United States","America/New_York","contact_form","","","+1 470-223-6782","http://www.pvhvac.com/","4.8","2978","quick question regarding PV Heating, Cooling & Plumbing's operations in Atlanta","queued"
"lead_harv_1790852149014_388","The Air Company of GA","Atlanta","United States","America/New_York","contact_form","","","+1 404-583-7788","https://www.theaircompanyga.com/?utm_source=google&utm_medium=organic&utm_campaign=gmb","5","394","quick question regarding The Air Company of GA's operations in Atlanta","queued"
"lead_harv_1790852152348_389","HVAC Guyz & Plumbing Inc","Atlanta","United States","America/New_York","email","service@hvacguyzatl.com","mx1.hostinger.com","+1 470-255-4535","https://hvacguyzatl.com/","4.9","39","quick question regarding HVAC Guyz & Plumbing's operations in Atlanta","queued"
"lead_harv_1790852158693_390","Cool Air Mechanical","Atlanta","United States","America/New_York","contact_form","","","+1 470-531-5480","https://www.770coolair.com/service-areas/marietta/?utm_source=google&utm_medium=organic&utm_campaign=GMBListing-Marietta","4.9","11089","quick question regarding Cool Air Mechanical's operations in Atlanta","queued"
"lead_harv_1790852164300_391","Reliable Heating & Air, Plumbing and Electrical - Kennesaw","Atlanta","United States","America/New_York","contact_form","","","+1 770-594-9969","https://reliableair.com/?utm_source=GMB&utm_medium=GMB&utm_campaign=GMB+Kennesaw&utm_id=GMB-Kennesaw","4.7","12906","quick question regarding Reliable Heating & Air, Plumbing and Electrical - Kennesaw's operations in Atlanta","queued"
"lead_harv_1790852171959_392","Heating and Air Conditioning Repair","Atlanta","United States","America/New_York","contact_form","","","+1 470-665-4899","https://heatingandairconditioningrepair.net/","4.9","33","quick question regarding Heating and Air Conditioning Repair's operations in Atlanta","queued"
"lead_harv_1790852182138_393","Estes Services","Atlanta","United States","America/New_York","contact_form","","","+1 404-366-9620","https://www.estesair.com/","4.9","5108","quick question regarding Estes Services's operations in Atlanta","queued"
"lead_harv_1790852185879_394","ANYTIME HEATING, COOLING AND PLUMBING","Atlanta","United States","America/New_York","contact_form","","","+1 678-203-1019","https://www.anytimehvac.com/?utm_source=google&utm_medium=organic&utm_campaign=GMBListing-Marietta-GA","4.8","648","quick question regarding ANYTIME HEATING, COOLING AND PLUMBING's operations in Atlanta","queued"
"lead_harv_1790852199627_395","Empire Heating & Air Conditioning","Atlanta","United States","America/New_York","contact_form","","","+1 404-294-0900","https://empirehvac.com/?utm_source=GBP&utm_medium=organic&utm_campaign=Location+Link&utm_id=GBP+Link+Experiement","4.9","1171","quick question regarding Empire Heating & Air Conditioning's operations in Atlanta","queued"
"lead_harv_1790852203036_396","Ace & A HVAC, Heating & AC Repair","Atlanta","United States","America/New_York","contact_form","","","+1 404-991-5940","https://www.aceanda.com/decatur-air-conditioning-services/?utm_source=google&utm_medium=organic&utm_campaign=gbp_decatur","4.7","329","quick question regarding Ace & A HVAC, Heating & AC Repair's operations in Atlanta","queued"
"lead_harv_1790852206934_397","Comfort Atlanta Heating & Air","Atlanta","United States","America/New_York","contact_form","","","+1 770-874-4033","https://www.comfortatlanta.com/","5","468","quick question regarding Comfort Atlanta Heating & Air's operations in Atlanta","queued"
"lead_harv_1790852209315_398","AC Repair Atlanta","Atlanta","United States","America/New_York","contact_form","","","+1 678-369-6979","https://acrepairatlanta.com/","5","6","quick question regarding AC Repair Atlanta's operations in Atlanta","queued"
"lead_harv_1790852222489_399","Maintenance Unlimited Heating & Cooling","Atlanta","United States","America/New_York","contact_form","","","+1 404-454-2686","https://maintenanceunlimitedheatingcooling.com/","4.9","125","quick question regarding Maintenance Unlimited Heating & Cooling's operations in Atlanta","queued"
"lead_harv_1790852237117_400","INDOOR EXPERTS HEATING & AIR CONDITIONING","Atlanta","United States","America/New_York","email","service@indoorexperts.com","smtp.google.com","+1 678-506-2226","https://www.indoorexperts.com/?utm_campaign=gmb","4.8","112","quick question regarding INDOOR EXPERTS HEATING & AIR CONDITIONING's operations in Atlanta","queued"
"lead_harv_1790852241648_401","Coolray Heating & Air Conditioning","Atlanta","United States","America/New_York","contact_form","","","+1 770-421-8400","https://www.coolray.com/","4.7","11195","quick question regarding Coolray Heating & Air Conditioning's operations in Atlanta","queued"
"lead_harv_1790852247369_402","Galgon HVAC & Mechanical Service, Inc.","Atlanta","United States","America/New_York","contact_form","","","+1 404-352-1500","https://galgonhvac.com/","4.7","37","quick question regarding Galgon HVAC & Mechanical Service, .'s operations in Atlanta","queued"
"lead_harv_1790852248103_403","Pinefield HVAC Repair Atlanta","Atlanta","United States","America/New_York","whatsapp","","","+1 943-315-6096","","5","2","quick question regarding Pinefield HVAC Repair Atlanta's operations in Atlanta","queued"
"lead_harv_1790852248884_404","1ST Class HVAC Atlanta","Atlanta","United States","America/New_York","whatsapp","","","+1 770-284-5446","","5","12","quick question regarding 1ST Class HVAC Atlanta's operations in Atlanta","queued"
"lead_harv_1790852262257_405","Dynasty Heating and Air","Atlanta","United States","America/New_York","contact_form","","","+1 678-525-9916","http://www.dynastyheatingandair.com/","4.9","264","quick question regarding Dynasty Heating and Air's operations in Atlanta","queued"
"lead_harv_1790852265114_406","Allgood Home Services","Atlanta","United States","America/New_York","contact_form","","","+1 770-415-5543","https://www.callallgood.com/service-area/norcross-ga-hvac-plumbing?utm_source=google&utm_medium=gbp&utm_campaign=local_seo&utm_content=gbp_website_click","4.5","7059","quick question regarding Allgood Home Services's operations in Atlanta","queued"
"lead_harv_1790852265343_407","1st Class HVAC Contractors Atlanta Inc","Atlanta","United States","America/New_York","whatsapp","","","+1 404-207-1609","","5","9","quick question regarding 1st Class HVAC Contractors Atlanta's operations in Atlanta","queued"
"lead_harv_1790852273980_408","Atlanta Air Pro","Atlanta","United States","America/New_York","email","atlantaairpro@gmail.com","gmail-smtp-in.l.google.com","+1 404-437-4508","https://atlantaairpro.com/","4.9","629","quick question regarding Atlanta Air Pro's operations in Atlanta","queued"
"lead_harv_1790852274533_409","New HVAC Services","Atlanta","United States","America/New_York","whatsapp","","","+1 470-933-1967","","5","12","quick question regarding New HVAC Services's operations in Atlanta","queued"
"lead_harv_1790852276755_410","Allgood Plumbing, Electric, Heating, Cooling","Atlanta","United States","America/New_York","contact_form","","","+1 404-260-5625","https://www.callallgood.com/","4.3","4408","quick question regarding Allgood Plumbing, Electric, Heating, Cooling's operations in Atlanta","queued"
"lead_harv_1790852280908_411","Breezy V’s LLC","Atlanta","United States","America/New_York","email","contact@coolair.com","coolair-com.mail.protection.outlook.com","+1 470-773-0434","https://breezyvs.com/","5","29","quick question regarding Breezy V’s's operations in Atlanta","queued"
"lead_harv_1790852286527_412","Mr. Superior Maintenance","Atlanta","United States","America/New_York","email","services@mrsuperiormaintenance.com","mrsuperiormaintenance-com.mail.protection.outlook.com","+1 404-994-6299","http://mrsuperiormaintenance.com/","5","145","quick question regarding Mr. Superior Maintenance's operations in Atlanta","queued"
"lead_harv_1790852300666_413","Guardian Home Experts- Heating, Air, Plumbing & Electrical","Atlanta","United States","America/New_York","contact_form","","","+1 770-727-1888","http://www.guardianexperts.com/","4.9","1421","quick question regarding Guardian Home Experts- Heating, Air, Plumbing & Electrical's operations in Atlanta","queued"
"lead_harv_1790852313008_414","Central Heating & Air Conditioning","Atlanta","United States","America/New_York","email","info@centralheat.com","centralheat-com.mail.protection.outlook.com","+1 404-261-2280","https://centralheat.com/","4.8","473","quick question regarding Central Heating & Air Conditioning's operations in Atlanta","queued"
"lead_harv_1790852313801_415","Heating & Air Conditioning Atlanta City","Atlanta","United States","America/New_York","whatsapp","","","+1 943-219-5190","","5","1","quick question regarding Heating & Air Conditioning Atlanta City's operations in Atlanta","queued"
"lead_harv_1790852314306_416","Sosebee Services Inc","Atlanta","United States","America/New_York","whatsapp","","","+1 833-494-0726","","5","19","quick question regarding Sosebee Services's operations in Atlanta","queued"
"lead_harv_1790852317627_417","Peppers Heating & Air Conditioning Service Inc.","Atlanta","United States","America/New_York","contact_form","","","+1 770-483-1282","https://www.peppersheatingandair.com/","4.9","82","quick question regarding Peppers Heating & Air Conditioning Service .'s operations in Atlanta","queued"
"lead_harv_1790852323627_418","Pioneer HVAC Pros","Atlanta","United States","America/New_York","email","matthew@pioneerhvacpros.site","mx1-hosting.jellyfish.systems","+1 404-726-8471","http://pioneerhvacpros.site/","5","4","quick question regarding Pioneer HVAC Pros's operations in Atlanta","queued"
"lead_harv_1790852337842_419","TE Certified, Electrical, Plumbing, Heating & Cooling","Atlanta","United States","America/New_York","contact_form","","","+1 770-299-3903","https://www.tecertifiedelectricians.com/","4.9","12886","quick question regarding TE Certified, Electrical, Plumbing, Heating & Cooling's operations in Atlanta","queued"
"lead_harv_1790852350254_420","Atlanta HVAC Services","Atlanta","United States","America/New_York","contact_form","","","+1 943-230-8746","https://atlantahvacservices.com/","4.5","10","quick question regarding Atlanta HVAC Services's operations in Atlanta","queued"
"lead_harv_1790852362548_421","Esquire Heating And Air","Atlanta","United States","America/New_York","contact_form","","","+1 404-397-8224","http://www.esquirehvac.com/","4.9","89","quick question regarding Esquire Heating And Air's operations in Atlanta","queued"
"lead_harv_1790852368371_422","Cypress HVAC Repair Atlanta","Atlanta","United States","America/New_York","whatsapp","","","+1 943-230-5499","","5","4","quick question regarding Cypress HVAC Repair Atlanta's operations in Atlanta","queued"
"lead_harv_1790852368554_423","DSB Mechanical","Atlanta","United States","America/New_York","whatsapp","","","+1 678-478-2558","","4.9","27","quick question regarding DSB Mechanical's operations in Atlanta","queued"
"lead_harv_1790852391983_424","Walk on Air","Atlanta","United States","America/New_York","email","support@walkonairhvac.com","SMTP.GOOGLE.com","+1 770-624-4777","https://www.walkonairhvac.com/","5","15","quick question regarding Walk on Air's operations in Atlanta","queued"
"lead_harv_1790852399863_425","A.D. Campbell HVAC Services","Atlanta","United States","America/New_York","contact_form","","","+1 470-447-9237","http://adcampbellhvac.com/","4.7","99","quick question regarding A.D. Campbell HVAC Services's operations in Atlanta","queued"
"lead_harv_1790852400463_426","Oakcrest HVAC Repair Atlanta","Atlanta","United States","America/New_York","whatsapp","","","+1 943-230-5506","","5","2","quick question regarding Oakcrest HVAC Repair Atlanta's operations in Atlanta","queued"
"lead_harv_1790852400984_427","Calder HVAC Repair Atlanta","Atlanta","United States","America/New_York","whatsapp","","","+1 678-266-9494","","5","1","quick question regarding Calder HVAC Repair Atlanta's operations in Atlanta","queued"
"lead_harv_1790852401251_428","Stonehaven HVAC Repair Atlanta","Atlanta","United States","America/New_York","whatsapp","","","+1 943-230-5576","","5","3","quick question regarding Stonehaven HVAC Repair Atlanta's operations in Atlanta","queued"
"lead_harv_1790852487374_429","Ridgewood HVAC Repair Atlanta","Atlanta","United States","America/New_York","whatsapp","","","+1 678-435-8811","","5","1","quick question regarding Ridgewood HVAC Repair Atlanta's operations in Atlanta","queued"
"lead_harv_1790852488070_430","Glade HVAC Repair Atlanta","Atlanta","United States","America/New_York","whatsapp","","","+1 943-230-4910","","5","2","quick question regarding Glade HVAC Repair Atlanta's operations in Atlanta","queued"
"lead_harv_1790852488273_431","Apogee HVAC Repair Atlanta","Atlanta","United States","America/New_York","whatsapp","","","+1 678-606-2692","","5","1","quick question regarding Apogee HVAC Repair Atlanta's operations in Atlanta","queued"
"lead_harv_1790852492598_432","My Aire Heating and Cooling","Atlanta","United States","America/New_York","email","info@myaire.com","myaire-com.mail.protection.outlook.com","+1 770-818-6096","https://myaire.com/air-conditioning/decatur-ga/?utm_source=google-decatur&utm_medium=gbp-ac&utm_campaign=gbp-decatur_ac&utm_content=20260729","4.9","347","quick question regarding My Aire Heating and Cooling's operations in Atlanta","queued"
"lead_harv_1790852493131_433","Harmonic HVAC Repair Atlanta","Atlanta","United States","America/New_York","whatsapp","","","+1 943-230-5486","","5","3","quick question regarding Harmonic HVAC Repair Atlanta's operations in Atlanta","queued"
"lead_harv_1790852493651_434","Fissile HVAC Repair Atlanta","Atlanta","United States","America/New_York","whatsapp","","","+1 678-435-8734","","5","1","quick question regarding Fissile HVAC Repair Atlanta's operations in Atlanta","queued"
"lead_harv_1790852493858_435","Quixotic HVAC Repair Atlanta","Atlanta","United States","America/New_York","whatsapp","","","+1 678-435-8731","","5","1","quick question regarding Quixotic HVAC Repair Atlanta's operations in Atlanta","queued"
"lead_harv_1790852494050_436","Elmstone HVAC Repair Atlanta","Atlanta","United States","America/New_York","whatsapp","","","+1 943-230-5536","","5","2","quick question regarding Elmstone HVAC Repair Atlanta's operations in Atlanta","queued"
"lead_harv_1790852494238_437","Birchwood HVAC Repair Atlanta","Atlanta","United States","America/New_York","whatsapp","","","+1 888-741-2427","","5","3","quick question regarding Birchwood HVAC Repair Atlanta's operations in Atlanta","queued"
"lead_harv_1790852494435_438","Woad HVAC Repair Atlanta","Atlanta","United States","America/New_York","whatsapp","","","+1 425-358-6595","","5","2","quick question regarding Woad HVAC Repair Atlanta's operations in Atlanta","queued"
"lead_harv_1790852508187_439","TE Certified Electrical, Plumbing, Heating & Cooling","Atlanta","United States","America/New_York","contact_form","","","+1 678-942-6153","https://www.tecertifiedelectricians.com/","5","8189","quick question regarding TE Certified Electrical, Plumbing, Heating & Cooling's operations in Atlanta","queued"
"lead_harv_1790852515508_440","The Cosmetic Dentists of Austin","Austin","United States","America/Chicago","contact_form","","","+1 512-333-7777","https://thecosmeticdentistsofaustin.com/?utm_source=gbp","4.9","352","quick question regarding The Cosmetic Dentists of Austin's operations in Austin","queued"
"lead_harv_1790852525406_441","Austin Cosmetic Dentistry by Tejas Patel, DDS","Austin","United States","America/Chicago","email","downtown@austincosmetic.com","aspmx.l.google.com","+1 737-332-4865","https://austincosmetic.com/?utm_source=google&utm_medium=organic&utm_campaign=gbp-listing","4.9","305","quick question regarding Austin Cosmetic Dentistry by Tejas Patel, DDS's operations in Austin","queued"
"lead_harv_1790852532938_442","Austin Artistic Dental","Austin","United States","America/Chicago","email","austinartisticdental@gmail.com","gmail-smtp-in.l.google.com","+1 512-292-9209","http://www.austinartisticdental.com/","4.9","876","quick question regarding Austin Artistic Dental's operations in Austin","queued"
"lead_harv_1790852537620_443","Dr. John Schmid, D.D.S. LVIF","Austin","United States","America/Chicago","email","contact@drjss.com","mx2.emailsrvr.com","+1 512-329-5967","https://cosmeticdentistryaustin.com/","4.9","107","quick question regarding Dr. John Schmid, D.D.S. LVIF's operations in Austin","queued"
"lead_harv_1790852551850_444","Toothbar","Austin","United States","America/Chicago","contact_form","","","+1 512-607-4268","https://www.toothbar.com/","4.9","734","quick question regarding Toothbar's operations in Austin","queued"
"lead_harv_1790852555351_445","Austin Cosmetic and Implant Dentistry","Austin","United States","America/Chicago","email","info@austintopdentist.com","mx1-us1.ppe-hosted.com","+1 512-607-6880","https://austintopdentist.com/","5","163","quick question regarding Austin Cosmetic and Implant Dentistry's operations in Austin","queued"
"lead_harv_1790852563634_446","Craft of Dentistry","Austin","United States","America/Chicago","contact_form","","","+1 512-812-8956","https://www.dentistsouthaustintx.com/","5","955","quick question regarding Craft of Dentistry's operations in Austin","queued"
"lead_harv_1790852569209_447","Moossy General & Cosmetic Dentistry","Austin","United States","America/Chicago","email","office@drmoossy.com","drmoossy-com.mail.protection.outlook.com","+1 512-459-5437","http://www.drmoossy.com/","4.9","259","quick question regarding Moossy General & Cosmetic Dentistry's operations in Austin","queued"
"lead_harv_1790852574439_448","Austin Dental Spa","Austin","United States","America/Chicago","contact_form","","","+1 512-452-9296","https://www.austindentalspa.com/","4.9","319","quick question regarding Austin Dental Spa's operations in Austin","queued"
"lead_harv_1790852588735_449","The Hills Dental Spa","Austin","United States","America/Chicago","contact_form","","","+1 737-205-1644","https://thehillsdentalspa.com/?utm_source=GoogleMyBusiness&utm_medium=Organic&utm_campaign=Website","4.9","278","quick question regarding The Hills Dental Spa's operations in Austin","queued"
"lead_harv_1790852598600_450","Glint Dental Studio Austin","Austin","United States","America/Chicago","contact_form","","","+1 512-653-4009","https://glintatx.com/","4.9","157","quick question regarding Glint Dental Studio Austin's operations in Austin","queued"
"lead_harv_1790852604078_451","Smile 360","Austin","United States","America/Chicago","contact_form","","","+1 512-444-4746","https://www.smile360atx.com/","4.9","148","quick question regarding Smile 360's operations in Austin","queued"
"lead_harv_1790852607835_452","Austin Dental Company","Austin","United States","America/Chicago","email","info@austindentalco.com","aspmx.l.google.com","+1 512-710-4783","https://www.austindentalco.com/","5","944","quick question regarding Austin Dental Company's operations in Austin","queued"
"lead_harv_1790852611996_453","Austin Elite Smiles | Cosmetic & General Dentistry","Austin","United States","America/Chicago","email","office@austinelitesmiles.com","mail7.enguard.com","+1 512-866-3800","https://www.austinelitesmiles.com/","5","219","quick question regarding Austin Elite Smiles | Cosmetic & General Dentistry's operations in Austin","queued"
"lead_harv_1790852617049_454","Authentic Smiles","Austin","United States","America/Chicago","contact_form","","","+1 512-330-9403","https://www.authenticsmiles.com/?y_source=1_MTEzMzc3MzctNzE1LWxvY2F0aW9uLndlYnNpdGU%3D","5","313","quick question regarding Authentic Smiles's operations in Austin","queued"
"lead_harv_1790852633529_455","Elite Dentistry Cosmetic & Implant Center of ATX","Austin","United States","America/Chicago","email","admin@elite-dentistry.net","chir208.websitehostserver.net","+1 512-892-9900","http://www.elite-dentistry.net/","4.7","736","quick question regarding Elite Dentistry Cosmetic & Implant Center of ATX's operations in Austin","queued"
"lead_harv_1790852646450_456","Enamel Dentistry At The Grove","Austin","United States","America/Chicago","email","hello@enameldentistry.com","aspmx.l.google.com","+1 512-588-5381","https://enameldentistry.com/grove-central-austin-dentist","4.9","349","quick question regarding Enamel Dentistry At The Grove's operations in Austin","queued"
"lead_harv_1790852650172_457","Nuvia Dental Implant Center","Austin","United States","America/Chicago","contact_form","","","+1 512-768-0652","https://www.nuviasmiles.com/locations/dental-implants-austin-texas?o_source=Organic&o_medium=Website&o_campaign=GMB&o_term=Austin","5","2513","quick question regarding Nuvia Dental Implant Center's operations in Austin","queued"
"lead_harv_1790852656139_458","Barton Oaks Dental Group","Austin","United States","America/Chicago","email","info@bartonoaksdentalgroup.com","aspmx.l.google.com","+1 512-327-6947","https://www.bartonoaksdentalgroup.com/","4.9","734","quick question regarding Barton Oaks Dental's operations in Austin","queued"
"lead_harv_1790852658740_459","Enamel Dentistry South Lamar","Austin","United States","America/Chicago","email","hello@enameldentistry.com","aspmx.l.google.com","+1 512-588-5231","https://enameldentistry.com/south-lamar-dentist/","4.8","1079","quick question regarding Enamel Dentistry South Lamar's operations in Austin","queued"
"lead_harv_1790852666640_460","Sola Smile Co.","Austin","United States","America/Chicago","contact_form","","","+1 512-615-9405","https://solasmileaustin.com/","4.9","482","quick question regarding Sola Smile .'s operations in Austin","queued"
"lead_harv_1790852673624_461","12 Oaks Integrative Dentistry","Austin","United States","America/Chicago","contact_form","","","+1 512-346-5196","https://www.12oaksdentalaustin.com/","5","948","quick question regarding 12 Oaks Integrative Dentistry's operations in Austin","queued"
"lead_harv_1790852678485_462","Austin City Dental","Austin","United States","America/Chicago","email","info@austincitydental.com","austincitydental-com.mail.protection.outlook.com","+1 512-451-8256","http://www.austincitydental.com/","5","677","quick question regarding Austin City Dental's operations in Austin","queued"
"lead_harv_1790852682944_463","Smile Haus Austin","Austin","United States","America/Chicago","email","info@smilehausaustin.com","aspmx.l.google.com","+1 512-454-5153","https://smilehausdental.com/locations/austin-dentist/","4.9","340","quick question regarding Smile Haus Austin's operations in Austin","queued"
"lead_harv_1790852688856_464","Hedgecock Dental","Austin","United States","America/Chicago","email","info@hedgecockdental.com","hedgecockdental-com.mail.protection.outlook.com","+1 737-530-3784","https://hedgecockdental.com/?utm_campaign=gmb&utm_medium=organic&utm_source=gmb","4.9","550","quick question regarding Hedgecock Dental's operations in Austin","queued"
"lead_harv_1790852699158_465","Neal R Shah, DDS - Austin Dental Arts","Austin","United States","America/Chicago","email","admin@nealshahdds.com","nealshahdds-com.mail.protection.outlook.com","+1 512-454-2583","http://www.nealshahdds.com/","5","284","quick question regarding Neal R Shah, DDS - Austin Dental Arts's operations in Austin","queued"
"lead_harv_1790852701621_466","Capital City Smiles - Dr. Natassia Martins Waldorf","Austin","United States","America/Chicago","contact_form","","","+1 512-345-5885","https://www.capitalcitysmilesatx.com/","5","390","quick question regarding Capital City Smiles - Dr. Natassia Martins Waldorf's operations in Austin","queued"
"lead_harv_1790852707017_467","KoLa Family & Cosmetic Dentistry","Austin","United States","America/Chicago","email","info@koladentistry.com","aspmx.l.google.com","+1 512-472-5633","http://www.koladentistry.com/","4.9","412","quick question regarding KoLa Family & Cosmetic Dentistry's operations in Austin","queued"
"lead_harv_1790852713265_468","Trey Kaliher, DDS","Austin","United States","America/Chicago","contact_form","","","+1 512-453-3100","https://kaliherdentistry.com/","5","428","quick question regarding Trey Kaliher, DDS's operations in Austin","queued"
"lead_harv_1790852728648_469","Austin Advanced Dentistry","Austin","United States","America/Chicago","email","manager@austinadvanceddentistry.com","austinadvanceddentistry-com.mail.protection.outlook.com","+1 512-331-6677","http://austinadvanceddentistry.com/","4.8","894","quick question regarding Austin Advanced Dentistry's operations in Austin","queued"
"lead_harv_1790852734763_470","38th Street Dental","Austin","United States","America/Chicago","contact_form","","","+1 737-260-5523","https://www.myaustindds.com/","5","737","quick question regarding 38th Street Dental's operations in Austin","queued"
"lead_harv_1790852739127_471","Walden Dental","Austin","United States","America/Chicago","email","youremail@gmail.com","gmail-smtp-in.l.google.com","+1 512-337-8560","https://www.waldendentaltx.com/","4.9","1486","quick question regarding Walden Dental's operations in Austin","queued"
"lead_harv_1790852743914_472","Clover Smile Studio","Austin","United States","America/Chicago","email","cloversmileatx@gmail.com","gmail-smtp-in.l.google.com","+1 512-212-1112","http://cloversmilestudio.com/","4.9","352","quick question regarding Clover Smile Studio's operations in Austin","queued"
"lead_harv_1790852751244_473","Austin Hills Dental","Austin","United States","America/Chicago","email","office@austinhillsdental.com","aspmx.l.google.com","+1 512-263-3330","http://www.austinhillsdental.com/","4.9","242","quick question regarding Austin Hills Dental's operations in Austin","queued"
"lead_harv_1790852755183_474","Lady Bird Dental","Austin","United States","America/Chicago","email","info@ladybirddental.com","aspmx.l.google.com","+1 512-812-0036","https://ladybirddental.com/","4.9","461","quick question regarding Lady Bird Dental's operations in Austin","queued"
"lead_harv_1790852772369_475","Veneer Lounge Austin TX","Austin","United States","America/Chicago","contact_form","","","+1 214-851-7334","https://veneerloungeaustin.com/","5","28","quick question regarding Veneer Lounge Austin TX's operations in Austin","queued"
"lead_harv_1790852776206_476","Sunset Hills Dentistry","Austin","United States","America/Chicago","email","hello@sunsethillsdentist.com","aspmx.l.google.com","+1 512-441-7777","https://www.sunsethillsdentist.com/","5","353","quick question regarding Sunset Hills Dentistry's operations in Austin","queued"
"lead_harv_1790852780200_477","Smile Haus Medical Parkway","Austin","United States","America/Chicago","email","info@smilehausmedicalpkwy.com","aspmx.l.google.com","+1 512-476-1922","https://smilehausdental.com/locations/medical-parkway-dentist/","4.9","353","quick question regarding Smile Haus Medical Parkway's operations in Austin","queued"
"lead_harv_1790852786176_478","Cynthia L Graves DDS - Dentist Austin TX | Dentures Austin TX","Austin","United States","America/Chicago","email","info@cynthiagravesdds.com","cynthiagravesdds-com.mail.protection.outlook.com","+1 512-258-8001","https://www.cynthiagravesdds.com/","5","621","quick question regarding Cynthia L Graves DDS - Dentist Austin TX | Dentures Austin TX's operations in Austin","queued"
"lead_harv_1790852792897_479","Sweta Tailor DDS PLLC","Austin","United States","America/Chicago","email","drtailor@drtailor.com","drtailor-com.mail.protection.outlook.com","+1 512-458-1133","http://www.drtailor.com/","4.9","339","quick question regarding Sweta Tailor DDS PLLC's operations in Austin","queued"
"lead_harv_1790852806025_480","Smile Creations","Austin","United States","America/Chicago","email","info@smilecreationsatx.com","smilecreationsatx-com.mail.protection.outlook.com","+1 737-265-2555","https://smilecreationsatx.com/","4.9","317","quick question regarding Smile Creations's operations in Austin","queued"
"lead_harv_1790852812182_481","Breeze Dental","Austin","United States","America/Chicago","contact_form","","","+1 512-745-8825","https://www.breezeoralcare.com/?utm_campaign=gmb","4.8","998","quick question regarding Breeze Dental's operations in Austin","queued"
"lead_harv_1790852816796_482","Austin Dental Works","Austin","United States","America/Chicago","email","info@austindentalworks.com","aspmx.l.google.com","+1 512-877-9822","https://www.austindentalworks.com/?utm_source=google&utm_medium=organic&utm_campaign=gbp&utm_content=website","4.9","632","quick question regarding Austin Dental Works's operations in Austin","queued"
"lead_harv_1790852827891_483","Perspective Dental: Ashley Smitherman, DDS","Austin","United States","America/Chicago","email","info@perspectivedentalatx.com","aspmx.l.google.com","+1 512-371-8858","https://perspectivedentalatx.com/","4.9","421","quick question regarding Perspective Dental: Ashley Smitherman, DDS's operations in Austin","queued"
"lead_harv_1790852832770_484","8118 Dental Professionals","Austin","United States","America/Chicago","contact_form","","","+1 512-452-8262","https://www.8118dental.com/?utm_source=austin-tx-listing&utm_medium=gmb&utm_campaign=seo&utm_content=website-link","5","805","quick question regarding 8118 Dental Professionals's operations in Austin","queued"
"lead_harv_1790852837551_485","Bridgeview Dental","Austin","United States","America/Chicago","contact_form","","","+1 512-489-9738","https://www.bridgeviewdental.com/","4.9","487","quick question regarding Bridgeview Dental's operations in Austin","queued"
"lead_harv_1790852844460_486","A Summer Smile","Austin","United States","America/Chicago","contact_form","","","+1 512-382-1969","https://youraustintxdentist.com/","4.9","283","quick question regarding A Summer Smile's operations in Austin","queued"
"lead_harv_1790852855780_487","Dental Smiles","Austin","United States","America/Chicago","contact_form","","","+1 512-467-9955","https://mydentalsmiles.com/","4.9","360","quick question regarding Dental Smiles's operations in Austin","queued"
"lead_harv_1790852859419_488","North Austin Dentistry","Austin","United States","America/Chicago","contact_form","","","+1 512-489-9933","https://northaustindentist.com/?utm_source=google&utm_medium=organic&utm_campaign=gbp&utm_content=website","4.8","731","quick question regarding North Austin Dentistry's operations in Austin","queued"
"lead_harv_1790852862335_489","Enamel Dentistry Lantana","Austin","United States","America/Chicago","email","hello@enameldentistry.com","aspmx.l.google.com","+1 512-553-9751","https://enameldentistry.com/lantana-southwest-austin-dentist/","4.9","1136","quick question regarding Enamel Dentistry Lantana's operations in Austin","queued"
"lead_harv_1790852863133_490","Enamel Dentistry Parmer Park","Austin","United States","America/Chicago","email","hello@enameldentistry.com","aspmx.l.google.com","+1 512-588-5199","https://enameldentistry.com/parmer-north-austin-dentist/","4.8","1199","quick question regarding Enamel Dentistry Parmer Park's operations in Austin","queued"
"lead_harv_1790852877145_491","TRU Dentistry Austin","Austin","United States","America/Chicago","email","info@trudentistryaustin.com","aspmx.l.google.com","+1 737-201-9488","https://www.trudentistryaustin.com/","4.9","500","quick question regarding TRU Dentistry Austin's operations in Austin","queued"
"lead_harv_1790852889421_492","High Point Dentistry","Austin","United States","America/Chicago","contact_form","","","+1 512-473-8444","https://highpointsmilestx.com/","4.9","619","quick question regarding High Point Dentistry's operations in Austin","queued"
"lead_harv_1790852893027_493","Enamel Dentistry The Domain","Austin","United States","America/Chicago","email","hello@enameldentistry.com","aspmx.l.google.com","+1 512-588-5287","https://enameldentistry.com/domain-north-austin-dentist/","4.8","688","quick question regarding Enamel Dentistry The Domain's operations in Austin","queued"
"lead_harv_1790852903339_494","Downtown Dental Design","Austin","United States","America/Chicago","contact_form","","","+1 512-482-9383","https://downtowndentaldesign.com/?utm_source=google&utm_medium=local&utm_campaign=gmb","5","238","quick question regarding Downtown Dental Design's operations in Austin","queued"
"lead_harv_1790852910598_495","Lifetime Smiles Cosmetic Dentistry - South Austin","Austin","United States","America/Chicago","email","info@atxdentistry.com","mx1-us1.ppe-hosted.com","+1 512-900-2384","https://atxdentistry.com/?utm_source=google_organic&utm_medium=gmb_website&utm_campaign=gmb_website_link","4.6","304","quick question regarding Lifetime Smiles Cosmetic Dentistry - South Austin's operations in Austin","queued"
"lead_harv_1790852917877_496","Austin Clarity Dental and Implant | Austin General Dentist","Austin","United States","America/Chicago","contact_form","","","+1 737-444-2626","http://austinclaritydental.com/","4.9","461","quick question regarding Austin Clarity Dental and Implant | Austin General Dentist's operations in Austin","queued"
"lead_harv_1790852922498_497","Advanced Dental Care of Austin","Austin","United States","America/Chicago","email","hhatfield@adcatx.com","adcatx-com.mail.protection.outlook.com","+1 512-960-3215","https://www.advanceddentalcareofaustin.com/?utm_campaign=gmb","4.9","611","quick question regarding Advanced Dental Care of Austin's operations in Austin","queued"
"lead_harv_1790852928606_498","Shoal Creek Smile Studio","Austin","United States","America/Chicago","contact_form","","","+1 512-459-7811","https://shoalcreeksmilestudio.com/?utm_source=google_business_profile&utm_medium=organic&utm_campaign=google","4.9","341","quick question regarding Shoal Creek Smile Studio's operations in Austin","queued"
"lead_harv_1790852937369_499","512 Smiles Dental","Austin","United States","America/Chicago","email","office@512smiles.com","aspmx.l.google.com","+1 512-835-9557","https://512smiles.com/?utm_campaign=gmb&utm_source=gbpeprompt","5","286","quick question regarding 512 Smiles Dental's operations in Austin","queued"
"lead_harv_1790852949360_500","Phoenix Solar Panel Systems LLC","Phoenix","United States","America/Denver","contact_form","","","+1 602-753-0560","https://www.phoenixsolarpanelsystems.com/","4.5","23","quick question regarding Phoenix Solar Panel Systems's operations in Phoenix","queued"
"lead_harv_1790852956643_501","AZ Solar Removal & Reinstall - Solar Panel Repair, Installation & Maintenance","Phoenix","United States","America/Denver","email","help@azsolarremovalreinstall.com","mx1.hostinger.com","+1 602-686-7412","https://azsolarremovalreinstall.com/","5","101","quick question regarding AZ Solar Removal & Reinstall - Solar Panel Repair, Installation & Maintenance's operations in Phoenix","queued"
"lead_harv_1790852966260_502","Black Platinum Solar & Electric","Phoenix","United States","America/Denver","contact_form","","","+1 623-294-5447","https://blackplatinumsolarelectric.com/?utm_source=gbp&utm_medium=organic","5","117","quick question regarding Black Platinum Solar & Electric's operations in Phoenix","queued"
"lead_harv_1790852973507_503","Ultra Energy","Phoenix","United States","America/Denver","contact_form","","","","http://ultraenergysolutions.com/","4.9","441","quick question regarding Ultra Energy's operations in Phoenix","queued"
"lead_harv_1790852979075_504","Envision Solar Inc","Phoenix","United States","America/Denver","contact_form","","","+1 623-877-1106","http://www.envisionsolarinc.com/","4.7","911","quick question regarding Envision Solar's operations in Phoenix","queued"
"lead_harv_1790852984379_505","Phoenix Valley Solar","Phoenix","United States","America/Denver","email","hello@phxvs.com","alt1.aspmx.l.google.com","+1 480-270-2280","https://www.phxvs.com/","5","101","quick question regarding Phoenix Valley Solar's operations in Phoenix","queued"
"lead_harv_1790852989101_506","Watt Masters","Phoenix","United States","America/Denver","email","office@wattmasters.com","mx1-usg2.ppe-hosted.com","+1 602-485-7901","https://wattmasters.com/?utm_campaign=gmb","5","57","quick question regarding Watt Masters's operations in Phoenix","queued"
"lead_harv_1790852993493_507","Solar Detach & Reset","Phoenix","United States","America/Denver","email","service@solardetachpro.com","solardetachpro-com.mail.protection.outlook.com","+1 480-270-2745","http://solardetachpro.com/","4.8","507","quick question regarding Solar Detach & Reset's operations in Phoenix","queued"
"lead_harv_1790853007244_508","Solar Topps","Phoenix","United States","America/Denver","contact_form","","","+1 480-940-1201","http://www.solartopps.com/","4.6","253","quick question regarding Solar Topps's operations in Phoenix","queued"
"lead_harv_1790853021354_509","American Solar & Roofing","Phoenix","United States","America/Denver","email","info@americansolarandroofing.com","americansolarandroofing-com.mail.protection.outlook.com","+1 480-994-1440","https://www.americansolarandroofing.com/?utm_source=google&utm_medium=organic&utm_campaign=gmb","4.6","431","quick question regarding American Solar & Roofing's operations in Phoenix","queued"
"lead_harv_1790853028412_510","Ray Solar","Phoenix","United States","America/Denver","contact_form","","","+1 602-668-3052","http://www.ray.solar/","5","44","quick question regarding Ray Solar's operations in Phoenix","queued"
"lead_harv_1790853036679_511","Bright Home Energy","Phoenix","United States","America/Denver","email","info@brighthomeenergy.com","mx1-us1.ppe-hosted.com","+1 480-656-9538","http://brighthomeenergy.com/","4.8","540","quick question regarding Bright Home Energy's operations in Phoenix","queued"
"lead_harv_1790853045066_512","Skyward Solar","Phoenix","United States","America/Denver","contact_form","","","+1 602-551-6028","http://www.skyward.solar/","5","17","quick question regarding Skyward Solar's operations in Phoenix","queued"
"lead_harv_1790853053727_513","Rooftop Solar","Phoenix","United States","America/Denver","email","info@rooftopsolar.us","aspmx.l.google.com","+1 480-542-6466","https://rooftopsolar.us/phoenix-solar-installation/?utm_source=GMB%20Phoenix","5","26","quick question regarding Rooftop Solar's operations in Phoenix","queued"
"lead_harv_1790853058286_514","Benys Solar","Phoenix","United States","America/Denver","contact_form","","","+1 480-410-3109","https://benyssolar.com/","4.9","89","quick question regarding Benys Solar's operations in Phoenix","queued"
"lead_harv_1790853071842_515","Solarships Installation Services","Phoenix","United States","America/Denver","email","info@solarshipsusa.com","aspmx.l.google.com","+1 480-597-5178","https://solarshipsusa.com/","4.8","54","quick question regarding Solarships Installation Services's operations in Phoenix","queued"
"lead_harv_1790853078630_516","FOR Energy","Phoenix","United States","America/Denver","contact_form","","","+1 480-300-8517","http://www.forenergy.com/?utm_campaign=gmb","4.8","1221","quick question regarding FOR Energy's operations in Phoenix","queued"
"lead_harv_1790853082146_517","Argent Solar Electric","Phoenix","United States","America/Denver","contact_form","","","+1 877-959-3479","https://www.argentsolar.com/","5","65","quick question regarding Argent Solar Electric's operations in Phoenix","queued"
"lead_harv_1790853086983_518","Our World Energy, LLC","Phoenix","United States","America/Denver","contact_form","","","+1 623-850-5700","https://www.ourworldenergy.com/","4.4","2114","quick question regarding Our World Energy,'s operations in Phoenix","queued"
"lead_harv_1790853102578_519","PGT Energy Solutions","Phoenix","United States","America/Denver","email","info@pgtenergysolutions.com","aspmx.l.google.com","+1 602-363-7327","https://pgtenergysolutions.com/","4.7","92","quick question regarding PGT Energy Solutions's operations in Phoenix","queued"
"lead_harv_1790853108731_520","Semper Solaris","Phoenix","United States","America/Denver","contact_form","","","+1 480-762-0496","https://arizona.sempersolaris.com/locations/phoenix-az/?utm_content=LOCAL%20SEO%20GMB%20PHX","5","13","quick question regarding Semper Solaris's operations in Phoenix","queued"
"lead_harv_1790853116701_521","Arizona Custom Solar","Phoenix","United States","America/Denver","email","support@arizonacustomsolar.com","mx.zoho.com","+1 602-888-0805","https://arizonacustomsolar.com/","4.9","99","quick question regarding Arizona Custom Solar's operations in Phoenix","queued"
"lead_harv_1790853126538_522","Redline Electric & Solar","Phoenix","United States","America/Denver","email","team@iamredline.com","aspmx.l.google.com","+1 480-470-3058","https://www.iamredline.com/","4.9","369","quick question regarding Redline Electric & Solar's operations in Phoenix","queued"
"lead_harv_1790853129884_523","SouthFace Solar & Electric","Phoenix","United States","America/Denver","contact_form","","","+1 480-526-5544","https://southfacesolar.com/?utm_campaign=gmb&utm_medium=organic&utm_source=gmblisting","4.6","80","quick question regarding SouthFace Solar & Electric's operations in Phoenix","queued"
"lead_harv_1790853141867_524","Cheetah Solar","Phoenix","United States","America/Denver","contact_form","","","+1 833-358-0358","http://thephoenixsolar.com/","4.6","83","quick question regarding Cheetah Solar's operations in Phoenix","queued"
"lead_harv_1790853147151_525","Sunsolar Solutions","Phoenix","United States","America/Denver","contact_form","","","+1 602-773-6675","https://www.sunsolarsolutions.com/?utm_campaign=gmb","4.5","1174","quick question regarding Sunsolar Solutions's operations in Phoenix","queued"
"lead_harv_1790853154159_526","Green Muscle Solar","Phoenix","United States","America/Denver","contact_form","","","+1 602-562-7799","https://greenmusclesolar.com/","4.9","133","quick question regarding Green Muscle Solar's operations in Phoenix","queued"
"lead_harv_1790853159621_527","Universal Solar Direct of Arizona","Phoenix","United States","America/Denver","email","info@universalsolardirect.com","universalsolardirect-com.mail.protection.outlook.com","+1 866-352-9500","http://www.universalsolardirect.com/","4.7","97","quick question regarding Universal Solar Direct of Arizona's operations in Phoenix","queued"
"lead_harv_1790853173733_528","Independent Solar","Phoenix","United States","America/Denver","contact_form","","","+1 480-569-6903","https://independentsolar.com/","4.6","113","quick question regarding Independent Solar's operations in Phoenix","queued"
"lead_harv_1790853180443_529","Sonoran Solar Power","Phoenix","United States","America/Denver","contact_form","","","+1 623-300-5236","http://www.sonoransolarpower.com/","5","25","quick question regarding Sonoran Solar Power's operations in Phoenix","queued"
"lead_harv_1790853194529_530","Skywells Energy | Solar Solutions","Phoenix","United States","America/Denver","contact_form","","","+1 480-493-5400","https://www.skywells.com/","4.8","66","quick question regarding Skywells Energy | Solar Solutions's operations in Phoenix","queued"
"lead_harv_1790853213523_531","Southwest Electric","Phoenix","United States","America/Denver","contact_form","","","+1 623-401-8340","http://www.sw-electricinc.com/","4.5","306","quick question regarding Southwest Electric's operations in Phoenix","queued"
"lead_harv_1790853214056_532","Solfinity Power","Phoenix","United States","America/Denver","whatsapp","","","+1 480-466-0082","","4.6","198","quick question regarding Solfinity Power's operations in Phoenix","queued"
"lead_harv_1790853214542_533","Phoenix Solar Pilot Installers","Phoenix","United States","America/Denver","whatsapp","","","+1 602-844-9891","","5","1","quick question regarding Phoenix Solar Pilot Installers's operations in Phoenix","queued"
"lead_harv_1790853226505_534","Tycho Energy","Phoenix","United States","America/Denver","contact_form","","","+1 602-466-9766","http://www.tychoenergy.com/","4.8","97","quick question regarding Tycho Energy's operations in Phoenix","queued"
"lead_harv_1790853241906_535","Icon Power","Phoenix","United States","America/Denver","contact_form","","","+1 888-777-3766","https://iconpower.com/locations/arizona/tempe/?utm_source=GMB&utm_medium=organic","4.7","388","quick question regarding Icon Power's operations in Phoenix","queued"
"lead_harv_1790853265150_536","24 HR Emergency Plumber Chicago INC","Chicago","United States","America/Chicago","contact_form","","","+1 708-847-5349","https://24hremergencyplumberchicago1.com/","4.9","42","quick question regarding 24 HR Emergency Plumber Chicago's operations in Chicago","queued"
"lead_harv_1790853285978_537","Rescue Plumbing","Chicago","United States","America/Chicago","email","office@myrescueplumbing.com","aspmx.l.google.com","+1 773-219-6071","https://www.myrescueplumbing.com/","4.9","1556","quick question regarding Rescue Plumbing's operations in Chicago","queued"
"lead_harv_1790853310814_538","Goode Plumbing","Chicago","United States","America/Chicago","email","info@goodeplumbing.com","goodeplumbing-com.mail.protection.outlook.com","+1 773-280-8496","https://goodeplumbing.com/?utm_source=google&utm_medium=organic&utm_campaign=GMBListing-Chicago-IL","4.8","2689","quick question regarding Goode Plumbing's operations in Chicago","queued"
"lead_harv_1790853316002_539","Mikes Plumbing Chicago : 24 Hour Plumber Chicago, Emergency Plumbers In Glenview, Evanston, Glencoe, Niles & Skokie","Chicago","United States","America/Chicago","email","mikesplumbing1975@gmail.com","gmail-smtp-in.l.google.com","+1 773-875-8833","https://mikesplumbingchicago.com/?utm_source=google&utm_medium=organic&utm_campaign=gmblisting","4.4","81","quick question regarding Mikes Plumbing Chicago : 24 Hour Plumber Chicago, Emergency Plumbers In Glenview, Evanston, Glencoe, Niles & Skokie's operations in Chicago","queued"
"lead_harv_1790853317959_540","Rescue Plumbing","Chicago","United States","America/Chicago","email","office@myrescueplumbing.com","aspmx.l.google.com","+1 773-219-6265","https://www.myrescueplumbing.com/locations/mccormick-blvd-lincolnwood/","4.9","134","quick question regarding Rescue Plumbing's operations in Chicago","queued"
"lead_harv_1790853329778_541","Apex Plumbing & Sewer Inc.","Chicago","United States","America/Chicago","contact_form","","","+1 773-477-7714","https://www.apexplumbingchicago.com/","4.7","313","quick question regarding Apex Plumbing & Sewer .'s operations in Chicago","queued"
"lead_harv_1790853330295_542","Captain Rooter Emergency Plumbers","Chicago","United States","America/Chicago","whatsapp","","","+1 773-823-0199","","3.7","82","quick question regarding Captain Rooter Emergency Plumbers's operations in Chicago","queued"
"lead_harv_1790853340390_543","Lopez Plumbing Systems, Inc.","Chicago","United States","America/Chicago","email","info@lopezplumbingsystems.com","aspmx.l.google.com","+1 773-424-8225","http://www.lopezplumbingsystems.com/","4.9","289","quick question regarding Lopez Plumbing Systems, .'s operations in Chicago","queued"
"lead_harv_1790853342105_544","Sandoval Plumbing","Chicago","United States","America/Chicago","contact_form","","","+1 773-610-3344","https://www.facebook.com/share/bmtB1wpbadb8njf2/?mibextid=LQQJ4d","4.9","313","quick question regarding Sandoval Plumbing's operations in Chicago","queued"
"lead_harv_1790853351636_545","J. Blanton Plumbing, Sewer & Drain","Chicago","United States","America/Chicago","contact_form","","","+1 773-657-4820","http://www.jblantonplumbing.com/","4.6","3471","quick question regarding J. Blanton Plumbing, Sewer & Drain's operations in Chicago","queued"
"lead_harv_1790853353832_546","Baethke Plumbing","Chicago","United States","America/Chicago","email","devnerd1@gmail.com","gmail-smtp-in.l.google.com","+1 312-697-1550","https://www.baethkeplumbing.com/?utm_source=GMBlisting&utm_medium=organic","4.7","961","quick question regarding Baethke Plumbing's operations in Chicago","queued"
"lead_harv_1790853355630_547","Rescue Plumbing","Chicago","United States","America/Chicago","email","office@myrescueplumbing.com","aspmx.l.google.com","+1 773-219-6109","https://www.myrescueplumbing.com/locations/north-ave-chicago/","4.8","97","quick question regarding Rescue Plumbing's operations in Chicago","queued"
"lead_harv_1790853357114_548","Rescue Plumbing","Chicago","United States","America/Chicago","email","office@myrescueplumbing.com","aspmx.l.google.com","+1 773-219-3964","https://www.myrescueplumbing.com/locations/paulina-st-chicago/","4.8","90","quick question regarding Rescue Plumbing's operations in Chicago","queued"
"lead_harv_1790853359166_549","Fast Action Plumbing","Chicago","United States","America/Chicago","email","fastaction18@gmail.com","gmail-smtp-in.l.google.com","+1 773-425-5076","http://fastactionplumbingllc.com/","4.8","174","quick question regarding Fast Action Plumbing's operations in Chicago","queued"
"lead_harv_1790853368183_550","Roto-Rooter Plumbing & Water Cleanup","Chicago","United States","America/Chicago","contact_form","","","+1 312-379-2926","https://www.rotorooter.com/chicago/?utm_source=Google&utm_medium=organic&utm_campaign=gmb&utm_content=website","4.7","8573","quick question regarding Roto-Rooter Plumbing & Water Cleanup's operations in Chicago","queued"
"lead_harv_1790853372349_551","Emergency Plumbing service","Chicago","United States","America/Chicago","email","office@emergencyplumbing.biz","emx.mail.ru","+1 224-754-1984","https://emergencyplumbing.biz/","4.9","243","quick question regarding Emergency Plumbing service's operations in Chicago","queued"
"lead_harv_1790853381696_552","Kavana's Plumbing and Heating","Chicago","United States","America/Chicago","contact_form","","","+1 773-908-5454","http://kavanasplumbing.com/","5","239","quick question regarding Kavana's Plumbing and Heating's operations in Chicago","queued"
"lead_harv_1790853396681_553","Plumbers 911 Chicago","Chicago","United States","America/Chicago","contact_form","","","+1 833-758-6911","https://plumbers911chicago.com/","4.6","21","quick question regarding Plumbers 911 Chicago's operations in Chicago","queued"
"lead_harv_1790853401392_554","J Sewer & Plumbing","Chicago","United States","America/Chicago","contact_form","","","+1 773-365-1901","https://www.jsewerandplumbing.com/","4.9","184","quick question regarding J Sewer & Plumbing's operations in Chicago","queued"
"lead_harv_1790853410554_555","Avantel Plumber of Chicago IL","Chicago","United States","America/Chicago","contact_form","","","+1 312-265-2745","https://chicagoplumber.avantel.net/","4.9","47","quick question regarding Avantel Plumber of Chicago IL's operations in Chicago","queued"
"lead_harv_1790853412127_556","Rescue Plumbing","Chicago","United States","America/Chicago","email","office@myrescueplumbing.com","aspmx.l.google.com","+1 773-219-3725","https://www.myrescueplumbing.com/locations/mccormick-blvd-lincolnwood/","4.7","55","quick question regarding Rescue Plumbing's operations in Chicago","queued"
"lead_harv_1790853415175_557","Chicago Sewer Experts","Chicago","United States","America/Chicago","contact_form","","","+1 312-391-6503","https://www.chicagosewerexperts.com/?utm_source=google&utm_medium=local&utm_campaign=1&utm_content=primary","4.6","271","quick question regarding Chicago Sewer Experts's operations in Chicago","queued"
"lead_harv_1790853420233_558","Chicago Home Plumber Tech PSD","Chicago","United States","America/Chicago","email","contact@chicagohomeplumber.com","mx10.antispam.mailspamprotection.com","+1 773-900-1699","https://www.chicagohomeplumber.com/","5","34","quick question regarding Chicago Home Plumber Tech PSD's operations in Chicago","queued"
"lead_harv_1790853420970_559","Chicago Drain Masters Plumbing 24/7","Chicago","United States","America/Chicago","whatsapp","","","+1 464-245-3033","","4.9","17","quick question regarding Chicago Drain Masters Plumbing 24/7's operations in Chicago","queued"
"lead_harv_1790853427172_560","All Star Plumbing & Sewer","Chicago","United States","America/Chicago","contact_form","","","+1 708-692-5510","https://allstarplumbinginc.com/","4.5","40","quick question regarding All Star Plumbing & Sewer's operations in Chicago","queued"
"lead_harv_1790853429768_561","ABC Plumbing, Sewer, Heating, Cooling & Electric","Chicago","United States","America/Chicago","contact_form","","","+1 888-991-3942","https://www.4abc.com/il","4.7","25534","quick question regarding ABC Plumbing, Sewer, Heating, Cooling & Electric's operations in Chicago","queued"
"lead_harv_1790853434123_562","Right Away Plumbing and HVAC","Chicago","United States","America/Chicago","email","info@myrightaway.com","smtp.google.com","+1 847-550-3322","https://myrightaway.com/?utm_source=gbp","4.6","222","quick question regarding Right Away Plumbing and HVAC's operations in Chicago","queued"
"lead_harv_1790853438696_563","Loves Plumbing and Sewer","Chicago","United States","America/Chicago","email","lovesplumbingandsewer56@yahoo.com","mta7.am0.yahoodns.net","+1 773-370-0079","https://lovesplumbingandsewer.com/","4.8","65","quick question regarding Loves Plumbing and Sewer's operations in Chicago","queued"
"lead_harv_1790853443669_564","Power Plumbing & Sewer Contractor, Inc.","Chicago","United States","America/Chicago","email","power@powerplumbinginc.com","powerplumbinginc-com.mail.protection.outlook.com","+1 773-248-9574","https://powerplumbinginc.com/","4","73","quick question regarding Power Plumbing & Sewer Contractor, .'s operations in Chicago","queued"
"lead_harv_1790853449863_565","Rocket Plumbing Chicago, Drain Cleaning & Sewer","Chicago","United States","America/Chicago","contact_form","","","+1 773-906-7474","https://rocketplumbingnow.com/north-park-plumber/","5","143","quick question regarding Rocket Plumbing Chicago, Drain Cleaning & Sewer's operations in Chicago","queued"
"lead_harv_1790853459757_566","Suburban Plumbing Sewer Line and Drain Cleaning Experts","Chicago","United States","America/Chicago","email","info@suburbanplumbingexperts.com","mail.suburbanplumbingexperts.com","+1 708-729-9249","https://www.suburbanplumbingexperts.com/","4.9","406","quick question regarding Suburban Plumbing Sewer Line and Drain Cleaning Experts's operations in Chicago","queued"
"lead_harv_1790853464817_567","Olympian Plumbing LLC","Chicago","United States","America/Chicago","email","larry@olympianplumbing.com","aspmx.l.google.com","+1 312-614-1625","https://olympianplumbing.com/?utm_source=GBP&utm_medium=organic","4.9","253","quick question regarding Olympian Plumbing's operations in Chicago","queued"
"lead_harv_1790853468797_568","Fly Plumbing & HVAC","Chicago","United States","America/Chicago","email","services@flymechanical.com","aspmx.l.google.com","+1 847-865-6098","https://www.flyplumbing.com/uptown-chicago-plumber","5","57","quick question regarding Fly Plumbing & HVAC's operations in Chicago","queued"
"lead_harv_1790853479887_569","Narwhal Plumbing","Chicago","United States","America/Chicago","contact_form","","","+1 224-769-3882","https://www.narwhal-plumbing.com/","5","23","quick question regarding Narwhal Plumbing's operations in Chicago","queued"
"lead_harv_1790853484151_570","J Sewer & Plumbing","Chicago","United States","America/Chicago","contact_form","","","+1 773-373-9407","https://www.jsewerandplumbing.com/","4.9","357","quick question regarding J Sewer & Plumbing's operations in Chicago","queued"
"lead_harv_1790853490184_571","Trojan Plumbing Company, Inc.","Chicago","United States","America/Chicago","contact_form","","","+1 708-377-2924","https://www.trojanplumbingcompany.com/","4.8","778","quick question regarding Trojan Plumbing Company, .'s operations in Chicago","queued"
"lead_harv_1790853500088_572","R Difoggio & Sam Plumbing And Sewer Company, Inc.","Chicago","United States","America/Chicago","contact_form","","","+1 708-809-2487","https://www.difoggioandsamplumbing.com/","4.7","225","quick question regarding R Difoggio & Sam Plumbing And Sewer Company, .'s operations in Chicago","queued"
"lead_harv_1790853509398_573","Rescue Plumbing","Chicago","United States","America/Chicago","email","office@myrescueplumbing.com","aspmx.l.google.com","+1 773-219-6217","https://www.myrescueplumbing.com/plumber-near-me/norwood-park-chicago-il/","4.8","33","quick question regarding Rescue Plumbing's operations in Chicago","queued"
"lead_harv_1790853517462_574","All Pro Plumbing","Chicago","United States","America/Chicago","contact_form","","","+1 312-539-9184","https://www.allproplumbingchicago.com/","4.7","165","quick question regarding All Pro Plumbing's operations in Chicago","queued"
"lead_harv_1790853518068_575","Miguel & Sons Plumbing Services","Chicago","United States","America/Chicago","whatsapp","","","+1 224-504-1232","","4.7","77","quick question regarding Miguel & Sons Plumbing Services's operations in Chicago","queued"
"lead_harv_1790853521923_576","J. Blanton Plumbing, Sewer & Drain","Chicago","United States","America/Chicago","contact_form","","","+1 773-831-7574","https://jblantonplumbing.com/chicago-lincoln-park","4.7","397","quick question regarding J. Blanton Plumbing, Sewer & Drain's operations in Chicago","queued"
"lead_harv_1790853525123_577","MIRACLE PLUMBING & SEWER SERVICES","Chicago","United States","America/Chicago","contact_form","","","+1 847-312-1580","https://miracleplumbing.net/","4.9","240","quick question regarding MIRACLE PLUMBING & SEWER SERVICES's operations in Chicago","queued"
"lead_harv_1790853530196_578","Cityscape Plumbing Services 24/7","Chicago","United States","America/Chicago","email","contact@cityscapeplumbingservice.com","_dc-mx.b02dc48beb16.cityscapeplumbingservice.com","+1 464-245-3055","https://cityscapeplumbingservice.com/","4.2","34","quick question regarding Cityscape Plumbing Services 24/7's operations in Chicago","queued"
"lead_harv_1790853536547_579","Ashland Emergency Plumber","Chicago","United States","America/Chicago","contact_form","","","+1 773-365-1977","http://ashlandemergencyplumber.com/","3","2","quick question regarding Ashland Emergency Plumber's operations in Chicago","queued"
"lead_harv_1790853538696_580","Oasis Plumbing, Heating & Cooling","Chicago","United States","America/Chicago","contact_form","","","+1 773-320-5395","https://oasisheating.com/","4.9","1444","quick question regarding Oasis Plumbing, Heating & Cooling's operations in Chicago","queued"
"lead_harv_1790853542612_581","Skyline Plumbing Services 24/7","Chicago","United States","America/Chicago","email","contact@skylineplumbingservices.com","_dc-mx.3017d8e04c1a.skylineplumbingservices.com","+1 464-245-3113","https://skylineplumbingservices.com/","4.4","14","quick question regarding Skyline Plumbing Services 24/7's operations in Chicago","queued"
"lead_harv_1790853548020_582","Deljo Heating, Cooling & Plumbing","Chicago","United States","America/Chicago","contact_form","","","+1 773-657-9989","https://deljoheating.com/?utm_source=google&utm_medium=organic&utm_campaign=gmb-listing-chicago","4.9","3443","quick question regarding Deljo Heating, Cooling & Plumbing's operations in Chicago","queued"
"lead_harv_1790853548887_583","Emmett's Speedy Plumbing Company","Chicago","United States","America/Chicago","whatsapp","","","+1 224-505-8069","","4.7","93","quick question regarding Emmett's Speedy Plumbing Company's operations in Chicago","queued"
"lead_harv_1790853552437_584","J. Blanton Plumbing, Sewer & Drain","Chicago","United States","America/Chicago","contact_form","","","+1 847-801-9961","https://jblantonplumbing.com/evanston","4.8","852","quick question regarding J. Blanton Plumbing, Sewer & Drain's operations in Chicago","queued"
"lead_harv_1790853565433_585","HI-FLO WATER AND SEWER LLC","Chicago","United States","America/Chicago","email","info@hi-flo.com","smtp.google.com","+1 224-822-5316","http://www.hi-flo.com/","4.9","76","quick question regarding HI-FLO WATER AND SEWER's operations in Chicago","queued"
"lead_harv_1790853569684_586","Richard Schulman","Los Angeles","United States","America/Los_Angeles","email","schulmanrd@gmail.com","gmail-smtp-in.l.google.com","+1 310-482-0173","http://www.richardschulman.com/","4.9","185","quick question regarding Richard Schulman's operations in Los Angeles","queued"
"lead_harv_1790853573596_587","TruLine Realty","Los Angeles","United States","America/Los_Angeles","contact_form","","","+1 310-868-2484","https://trulinerealty.com/?utm_source=gbp&utm_medium=organic&utm_campaign=business-profile","5","1853","quick question regarding TruLine Realty's operations in Los Angeles","queued"
"lead_harv_1790853584172_588","Ross Weinstein Real Estate Group - Brentwood-Santa Monica-Los Angeles","Los Angeles","United States","America/Los_Angeles","email","ross@rossweinstein.com","aspmx.l.google.com","+1 310-363-0929","http://www.rossweinstein.com/","4.9","64","quick question regarding Ross Weinstein Real Estate  - Brentwood-Santa Monica-Los Angeles's operations in Los Angeles","queued"
"lead_harv_1790853588049_589","Stephanie Younger Group","Los Angeles","United States","America/Los_Angeles","contact_form","","","+1 310-499-2020","http://stephanieyounger.com/","4.9","503","quick question regarding Stephanie Younger's operations in Los Angeles","queued"
"lead_harv_1790853592806_590","Keyes Real Estate","Los Angeles","United States","America/Los_Angeles","contact_form","","","+1 310-486-9417","https://keyesla.com/","4.9","209","quick question regarding Keyes Real Estate's operations in Los Angeles","queued"
"lead_harv_1790853598636_591","Glaser Group | Los Angeles Multifamily Real Estate Broker","Los Angeles","United States","America/Los_Angeles","email","jake@lyonstahl.com","aspmx.l.google.com","+1 310-230-5157","https://www.lamultifamilybroker.com/","5","117","quick question regarding Glaser  | Los Angeles Multifamily Real Estate Broker's operations in Los Angeles","queued"
"lead_harv_1790853606584_592","Keller Williams Downtown Los Angeles - Raymond Wu","Los Angeles","United States","America/Los_Angeles","email","raywu@kw.com","aspmx.l.google.com","+1 949-202-9359","https://www.gosocalhomes.com/","4.9","75","quick question regarding Keller Williams Downtown Los Angeles - Raymond Wu's operations in Los Angeles","queued"
"lead_harv_1790853610237_593","Brock & Lori Harris Real Estate Team","Los Angeles","United States","America/Los_Angeles","contact_form","","","+1 213-842-7625","https://brockandlori.com/","5","250","quick question regarding Brock & Lori Harris Real Estate Team's operations in Los Angeles","queued"
"lead_harv_1790853616566_594","ARIA Properties","Los Angeles","United States","America/Los_Angeles","contact_form","","","+1 424-355-9088","http://www.soldbyaria.com/","4.9","128","quick question regarding ARIA Properties's operations in Los Angeles","queued"
"lead_harv_1790853620987_595","Los Angeles Realtors-Nahed & Krys Benyamein's Estate of Grace Real Estate","Los Angeles","United States","America/Los_Angeles","contact_form","","","+1 562-755-0084","http://www.estateofgrace.com/","5","324","quick question regarding Los Angeles Realtors-Nahed & Krys Benyamein's Estate of Grace Real Estate's operations in Los Angeles","queued"
"lead_harv_1790853625575_596","Grace Globus","Los Angeles","United States","America/Los_Angeles","email","grace@globuscollections.com","aspmx.l.google.com","+1 310-779-0058","https://gracesellsla.com/","4.9","111","quick question regarding Grace Globus's operations in Los Angeles","queued"
"lead_harv_1790853629674_597","ROOF LA (Los Angeles)","Los Angeles","United States","America/Los_Angeles","email","denise@roofaloha.com","aspmx.l.google.com","+1 310-620-7663","http://www.roofaloha.com/","5","83","quick question regarding ROOF LA (Los Angeles)'s operations in Los Angeles","queued"
"lead_harv_1790853633833_598","RSR Real Estate | Compass","Los Angeles","United States","America/Los_Angeles","contact_form","","","+1 310-963-4205","https://rsrrealestate.com/?utm_source=gbp&utm_medium=organic","5","50","quick question regarding RSR Real Estate | Compass's operations in Los Angeles","queued"
"lead_harv_1790853640029_599","Aspire Los Angeles","Los Angeles","United States","America/Los_Angeles","contact_form","","","+1 213-935-0050","https://www.aspirelosangeles.com/","4.9","26","quick question regarding Aspire Los Angeles's operations in Los Angeles","queued"
"lead_harv_1790853643287_600","Sammy Lyon Real Estate","Los Angeles","United States","America/Los_Angeles","email","realestate@lyonideas.com","smtp.google.com","+1 424-246-5912","https://lyonideas.com/","5","67","quick question regarding Sammy Lyon Real Estate's operations in Los Angeles","queued"
"lead_harv_1790853648877_601","The Tiffany Chin Group","Los Angeles","United States","America/Los_Angeles","email","tiffany@thetiffanychingroup.com","aspmx.l.google.com","+1 323-508-3339","http://www.thetiffanychingroup.com/","5","71","quick question regarding The Tiffany Chin's operations in Los Angeles","queued"
"lead_harv_1790853662920_602","The Local Real Estate Group (formerly C+K) | Compass","Los Angeles","United States","America/Los_Angeles","contact_form","","","+1 323-667-0700","https://www.localregroup.com/","4.8","64","quick question regarding The Local Real Estate  (formerly C+K) | Compass's operations in Los Angeles","queued"
"lead_harv_1790853667465_603","Heyler Realty","Los Angeles","United States","America/Los_Angeles","contact_form","","","+1 310-721-0000","https://heylerrealty.com/?utm_source=gbp&utm_medium=organic","4.8","57","quick question regarding Heyler Realty's operations in Los Angeles","queued"
"lead_harv_1790853672255_604","Hollywood Estates","Los Angeles","United States","America/Los_Angeles","email","info@hollywoodestates.com","aspmx.l.google.com","+1 310-704-1794","https://www.hollywoodestates.com/","4.8","43","quick question regarding Hollywood Estates's operations in Los Angeles","queued"
"lead_harv_1790853683190_605","Fenton Real Estate Team","Los Angeles","United States","America/Los_Angeles","contact_form","","","+1 310-365-6118","https://fentonla.com/?utm_source=gbp&utm_medium=organic","5","29","quick question regarding Fenton Real Estate Team's operations in Los Angeles","queued"
"lead_harv_1790853696867_606","Anne Loveland, Realtor Loveland Carr Group Hancock Park Real Estate Agents","Los Angeles","United States","America/Los_Angeles","contact_form","","","+1 323-460-7606","https://lovelandcarr.com/","4.9","46","quick question regarding Anne Loveland, Realtor Loveland Carr  Hancock Park Real Estate Agents's operations in Los Angeles","queued"
"lead_harv_1790853698728_607","Ian & Kimberly Rhodes, Real Estate Agents & Advisors","Los Angeles","United States","America/Los_Angeles","email","rhodesleadhome@gmail.com","gmail-smtp-in.l.google.com","+1 323-821-4069","https://www.rhodesteamrealestate.com/","4.8","53","quick question regarding Ian & Kimberly Rhodes, Real Estate Agents & Advisors's operations in Los Angeles","queued"
"lead_harv_1790853704617_608","Stanfles Realty - Flat Rate Broker","Los Angeles","United States","America/Los_Angeles","email","admin@stanflesrealty.com","mail.stanflesrealty.com","+1 888-863-2820","http://www.stanflesrealty.com/","4.7","28","quick question regarding Stanfles Realty - Flat Rate Broker's operations in Los Angeles","queued"
"lead_harv_1790853708649_609","Dear LA Real Estate Team - Compass","Los Angeles","United States","America/Los_Angeles","email","brad@dear-la.com","aspmx.l.google.com","+1 323-208-1827","https://dear-la.com/","5","61","quick question regarding Dear LA Real Estate Team - Compass's operations in Los Angeles","queued"
"lead_harv_1790853714927_610","Laura Anderson Real Estate Group","Los Angeles","United States","America/Los_Angeles","contact_form","","","+1 323-646-6569","https://lauraandersonrealtor.com/","4.9","52","quick question regarding Laura Anderson Real Estate's operations in Los Angeles","queued"
"lead_harv_1790853719118_611","The Alvarado + Millman Real Estate Team","Los Angeles","United States","America/Los_Angeles","email","carlos.alvarado@compass.com","aspmx.l.google.com","+1 323-828-5512","https://www.thelosangelesmarket.com/","5","37","quick question regarding The Alvarado + Millman Real Estate Team's operations in Los Angeles","queued"
"lead_harv_1790853724292_612","Dana Coronado - Income Properties LA","Los Angeles","United States","America/Los_Angeles","email","dana@incomepropertiesla.com","incomepropertiesla-com.mail.protection.outlook.com","+1 310-562-9630","https://www.incomepropertiesla.com/","4.9","96","quick question regarding Dana Coronado - Income Properties LA's operations in Los Angeles","queued"
"lead_harv_1790853732669_613","Realty World California Agents - Jesse Garcia Realtor","Los Angeles","United States","America/Los_Angeles","email","bugreport@moatable.com","moatable-com.mail.protection.outlook.com","+1 323-722-5514","https://jessegarciahomes.com/","4.9","83","quick question regarding Realty World California Agents - Jesse Garcia Realtor's operations in Los Angeles","queued"
"lead_harv_1790853734719_614","Johnny Leou Real Estate Agent | eXp Realty","Los Angeles","United States","America/Los_Angeles","email","leoulistings@gmail.com","gmail-smtp-in.l.google.com","+1 949-300-4485","https://www.johnnyleou.com/","5","42","quick question regarding Johnny Leou Real Estate Agent | eXp Realty's operations in Los Angeles","queued"
"lead_harv_1790853738893_615","Luca Jacoli | South Bay Multifamily Real Estate Broker","Los Angeles","United States","America/Los_Angeles","email","contact@shieldcre.com","shieldcre-com.mail.protection.outlook.com","+1 310-593-9861","https://www.shieldcre.com/about/luca-jacoli","4.9","34","quick question regarding Luca Jacoli | South Bay Multifamily Real Estate Broker's operations in Los Angeles","queued"
"lead_harv_1790853745670_616","Lorraine Getz - REALTOR® COMPASS","Los Angeles","United States","America/Los_Angeles","contact_form","","","+1 310-766-2289","http://www.lorrainegetz.com/","5","66","quick question regarding Lorraine Getz - REALTOR® COMPASS's operations in Los Angeles","queued"
"lead_harv_1790853756993_617","Tony Kim Pasadena, CA Commercial Property Sales Listing Broker Specialist","Los Angeles","United States","America/Los_Angeles","email","press@linktr.ee","aspmx.l.google.com","+1 213-878-2626","https://linktr.ee/TonyKimCre","5","12","quick question regarding Tony Kim Pasadena, CA Commercial Property Sales Listing Broker Specialist's operations in Los Angeles","queued"
"lead_harv_1790853768588_618","Arthur Yoon Real Estate","Los Angeles","United States","America/Los_Angeles","email","arthur@arthuryoon.com","mx01.ionos.com","+1 213-800-2969","http://arthuryoon.com/","5","9","quick question regarding Arthur Yoon Real Estate's operations in Los Angeles","queued"
"lead_harv_1790853776206_619","Giovanni Castilhos","Los Angeles","United States","America/Los_Angeles","contact_form","","","+1 424-341-0223","https://www.trulinerealty.com/buy/?utm_source=GOOGLE_PLUS&utm_campaign=BUYER&mdv=4&mpv=10&utm_medium=referral","5","31","quick question regarding Giovanni Castilhos's operations in Los Angeles","queued"
"lead_harv_1790853790220_620","Angela Bond Group | Los Angeles Realtor @ KW Larchmont","Los Angeles","United States","America/Los_Angeles","contact_form","","","+1 310-666-5052","http://www.angelabondgroup.com/","4.9","34","quick question regarding Angela Bond  | Los Angeles Realtor @ KW Larchmont's operations in Los Angeles","queued"
"lead_harv_1790853794146_621","Las Casas Realty, Inc.","Los Angeles","United States","America/Los_Angeles","email","lascasasrealty.la@gmail.com","gmail-smtp-in.l.google.com","+1 323-254-2206","https://lascasasrealty.com/","4.3","26","quick question regarding Las Casas Realty, .'s operations in Los Angeles","queued"
"lead_harv_1790853806111_622","The Collective, Realty","Los Angeles","United States","America/Los_Angeles","contact_form","","","+1 310-569-1335","http://www.thecollectiverealty.com/","4.9","37","quick question regarding The Collective, Realty's operations in Los Angeles","queued"
"lead_harv_1790853814201_623","Cavanaugh Realtors","Los Angeles","United States","America/Los_Angeles","contact_form","","","+1 310-837-7161","http://www.cavanaughrealtors.com/","5","31","quick question regarding Cavanaugh Realtors's operations in Los Angeles","queued"
"lead_harv_1790853828191_624","Mr. Los Angeles Real Estate","Los Angeles","United States","America/Los_Angeles","contact_form","","","+1 909-434-3004","https://designatedlocalexpert.com/mrla/","4.8","49","quick question regarding Mr. Los Angeles Real Estate's operations in Los Angeles","queued"
"lead_harv_1790853836520_625","Agents of LA","Los Angeles","United States","America/Los_Angeles","email","info@agentsofla.com","aspmx.l.google.com","+1 877-243-6892","http://agentsofla.com/","4.7","31","quick question regarding Agents of LA's operations in Los Angeles","queued"
"lead_harv_1790853841407_626","Three Lions Realty","Los Angeles","United States","America/Los_Angeles","email","jamie@threelionsrealty.com","aspmx.l.google.com","+1 424-302-7744","http://threelionsrealty.com/","4.9","62","quick question regarding Three Lions Realty's operations in Los Angeles","queued"
"lead_harv_1790854099567_627","The Brad Korb Real Estate Group","Los Angeles","United States","America/Los_Angeles","email","brad@bradkorb.com","aspmx.l.google.com","+1 818-953-5300","http://www.bradkorb.com/","4.8","392","quick question regarding The Brad Korb Real Estate's operations in Los Angeles","queued"
"lead_harv_1790854104512_628","West LA Real Estate Group","Los Angeles","United States","America/Los_Angeles","email","example@mysite.com","mx.vgs.untd.com","+1 310-505-5571","https://www.westlarealestategroup.com/","4.8","6","quick question regarding West LA Real Estate's operations in Los Angeles","queued"
"lead_harv_1790854118614_629","Urban Real Estate","Los Angeles","United States","America/Los_Angeles","contact_form","","","+1 213-318-0777","http://uremgt.com/","4.9","26","quick question regarding Urban Real Estate's operations in Los Angeles","queued"
"lead_harv_1790854127523_630","Buy California Luxury Homes Realty Brokered Keller Williams Larchmont, Los Angeles Realtor","Los Angeles","United States","America/Los_Angeles","contact_form","","","+1 323-310-1990","https://www.buycalifornialuxuryhomesrealty.com/realtors/best-luxury-real-estate-agents-los-angeles/","4.5","10","quick question regarding Buy California Luxury Homes Realty Brokered Keller Williams Larchmont, Los Angeles Realtor's operations in Los Angeles","queued"
"lead_harv_1790854149782_631","Heather Presha","Los Angeles","United States","America/Los_Angeles","email","heather@preshaproperties.com","aspmx.l.google.com","+1 323-559-9081","https://www.heatherpresha.com/","4.6","32","quick question regarding Heather Presha's operations in Los Angeles","queued"
"lead_harv_1790854151187_632","Sotheby's International Realty","Los Angeles","United States","America/Los_Angeles","contact_form","","","+1 323-665-1700","https://www.sothebysrealty.com/eng/office/180-b-1171-28/sothebys-international-realty-los-feliz-brokerage","5","11","quick question regarding Sotheby's International Realty's operations in Los Angeles","queued"
"lead_harv_1790854153260_633","Protect The Estate LA","Los Angeles","United States","America/Los_Angeles","email","erikfkaiser@gmail.com","gmail-smtp-in.l.google.com","+1 855-423-5100","https://www.protecttheestatela.com/","5","12","quick question regarding Protect The Estate LA's operations in Los Angeles","queued"
"lead_harv_1790854168719_634","Broker & Realtor Top Real Estate Agents In Los Angeles,Ca | Sandy Flores","Los Angeles","United States","America/Los_Angeles","email","sandyflores@att.net","mx-att.mail.am0.yahoodns.net","+1 714-493-2625","https://www.sandyflores.com/","5","12","quick question regarding Broker & Realtor Top Real Estate Agents In Los Angeles,Ca | Sandy Flores's operations in Los Angeles","queued"
"lead_harv_1790854171115_635","AGENTinLA","Los Angeles","United States","America/Los_Angeles","email","jeremiaheden@gmail.com","gmail-smtp-in.l.google.com","+1 818-915-6612","https://agentinla.com/?utm_source=gbp&utm_medium=organic","5","19","quick question regarding AGENTinLA's operations in Los Angeles","queued"
"lead_harv_1790854176192_636","The Property Lab Real Estate","Los Angeles","United States","America/Los_Angeles","contact_form","","","+1 310-248-0047","http://www.thepropertylabre.com/","5","8","quick question regarding The Property Lab Real Estate's operations in Los Angeles","queued"
"lead_harv_1790854185899_637","Megan Whalen Team","Los Angeles","United States","America/Los_Angeles","contact_form","","","+1 310-613-1102","https://meganwhalen.com/?utm_source=google&utm_medium=organic&utm_campaign=google-my-business","5","29","quick question regarding Megan Whalen Team's operations in Los Angeles","queued"
"lead_harv_1790854189658_638","IN Real Estate","Los Angeles","United States","America/Los_Angeles","contact_form","","","+1 310-857-6616","https://www.inrealestate.agency/","5","12","quick question regarding IN Real Estate's operations in Los Angeles","queued"
"lead_harv_1790854194343_639","ICON Realty L.A.","Los Angeles","United States","America/Los_Angeles","contact_form","","","+1 424-254-9905","https://www.iconrealtyla.com/landing/whats-my-home-worth","4.8","22","quick question regarding ICON Realty L.A.'s operations in Los Angeles","queued"
"lead_harv_1790854197980_640","Dream Realty","Los Angeles","United States","America/Los_Angeles","email","info.dreamrealty@gmail.com","gmail-smtp-in.l.google.com","+1 213-380-8949","http://mydreaminc.com/","3.3","23","quick question regarding Dream Realty's operations in Los Angeles","queued"
"lead_harv_1790854208321_641","Look Lab Med Spa | Scottsdale","Scottsdale","United States","America/Denver","contact_form","","","+1 480-992-5665","https://looklab.com/","5","1045","quick question regarding Look Lab Med Spa | Scottsdale's operations in Scottsdale","queued"
"lead_harv_1790854213884_642","The Perfect Secret Med Spa","Scottsdale","United States","America/Denver","email","admin@itstheperfectsecret.com","itstheperfectsecret-com.mail.protection.outlook.com","+1 480-647-8991","https://www.itstheperfectsecret.com/","5","583","quick question regarding The Perfect Secret Med Spa's operations in Scottsdale","queued"
"lead_harv_1790854220904_643","ZONA MED SPA","Scottsdale","United States","America/Denver","contact_form","","","+1 480-299-4975","http://www.zonamedspa.com/","4.9","551","quick question regarding ZONA MED SPA's operations in Scottsdale","queued"
"lead_harv_1790854225311_644","NakedMD Med Spa Scottsdale","Scottsdale","United States","America/Denver","contact_form","","","+1 480-300-4732","https://www.nakedmd.com/pages/locations-scottsdale-az","4.9","1179","quick question regarding NakedMD Med Spa Scottsdale's operations in Scottsdale","queued"
"lead_harv_1790854231363_645","Moderne Medical Aesthetics","Scottsdale","United States","America/Denver","email","support@modernemedical.com","aspmx.l.google.com","+1 480-477-7726","http://www.modernemedical.com/","5","410","quick question regarding Moderne Medical Aesthetics's operations in Scottsdale","queued"
"lead_harv_1790854240142_646","Scottsdale Med Spa","Scottsdale","United States","America/Denver","email","youremail@abc.com","abc-com.mail.protection.outlook.com","+1 480-454-6959","http://scottsdalemedspa.beauty/","4.9","145","quick question regarding Scottsdale Med Spa's operations in Scottsdale","queued"
"lead_harv_1790854244217_647","Nude Aesthetics Med Spa Scottsdale","Scottsdale","United States","America/Denver","contact_form","","","+1 623-278-8252","https://www.nude-aesthetics.com/","5","586","quick question regarding Nude Aesthetics Med Spa Scottsdale's operations in Scottsdale","queued"
"lead_harv_1790854252789_648","Elite Medspa","Scottsdale","United States","America/Denver","contact_form","","","+1 480-306-7766","https://elitemedspaaz.com/","4.8","327","quick question regarding Elite Medspa's operations in Scottsdale","queued"
"lead_harv_1790854257241_649","Inside Out Aesthetics","Scottsdale","United States","America/Denver","contact_form","","","+1 480-307-9901","https://insideoutaesthetics.com/?y_source=1_MTAwMzE4MTc2NS03MTUtbG9jYXRpb24ud2Vic2l0ZQ%3D%3D","5","1065","quick question regarding Inside Out Aesthetics's operations in Scottsdale","queued"
"lead_harv_1790854261784_650","Collab Medspa - Scottsdale","Scottsdale","United States","America/Denver","contact_form","","","+1 480-400-0061","https://collabmedspa.com/","5","314","quick question regarding Collab Medspa - Scottsdale's operations in Scottsdale","queued"
"lead_harv_1790854268897_651","Alani Skin MD","Scottsdale","United States","America/Denver","email","scottsdale@alaniskinmd.com","aspmx.l.google.com","+1 480-993-2218","https://alaniskinmd.com/locations/scottsdale-az/?utm_source=GBP&utm_medium=GBP&utm_campaign=gbp+scottsdale","4.9","849","quick question regarding Alani Skin MD's operations in Scottsdale","queued"
"lead_harv_1790854276253_652","Skin Savvy Aesthetics Scottsdale Med Spa","Scottsdale","United States","America/Denver","email","info@skinsavvyscottsdale.com","skinsavvyscottsdale-com.mail.protection.outlook.com","+1 480-409-2902","https://skinsavvyscottsdale.com/","5","471","quick question regarding Skin Savvy Aesthetics Scottsdale Med Spa's operations in Scottsdale","queued"
"lead_harv_1790854289713_653","Haus of Confidence","Scottsdale","United States","America/Denver","contact_form","","","+1 480-493-5921","http://www.hausofconfidence.com/","4.9","1875","quick question regarding Haus of Confidence's operations in Scottsdale","queued"
"lead_harv_1790854300313_654","Zahav Medspa","Scottsdale","United States","America/Denver","email","scottsdale@zahavmedspa.com","mx1.privateemail.com","+1 480-319-5765","https://www.zahavmedspa.com/","5","624","quick question regarding Zahav Medspa's operations in Scottsdale","queued"
"lead_harv_1790854306400_655","The Well Med Spa","Scottsdale","United States","America/Denver","email","info@thewellmedspa.com","aspmx.l.google.com","+1 480-999-9355","http://thewellmedspa.com/?utm_source=google&utm_medium=organic&utm_campaign=gbp","4.9","207","quick question regarding The Well Med Spa's operations in Scottsdale","queued"
"lead_harv_1790854311590_656","Dolce Medical Spa - Old Town","Scottsdale","United States","America/Denver","email","eben@eyebytes.com","13.smtp.tagonline.com","+1 480-470-6737","http://dolcemedicalspas.com/","5","575","quick question regarding Dolce Medical Spa - Old Town's operations in Scottsdale","queued"
"lead_harv_1790854316857_657","Arizona Medical Medspa","Scottsdale","United States","America/Denver","contact_form","","","+1 480-766-0550","http://www.arizonamedicalmedspa.com/","5","385","quick question regarding Arizona Medical Medspa's operations in Scottsdale","queued"
"lead_harv_1790854326592_658","Perfect Dose","Scottsdale","United States","America/Denver","contact_form","","","+1 480-823-0119","https://www.theperfectdose.com/","5","439","quick question regarding Perfect Dose's operations in Scottsdale","queued"
"lead_harv_1790854333961_659","Franco Wellness & Aesthetics - Scottsdale AZ","Scottsdale","United States","America/Denver","email","info@franco-wa.com","francowa-com01e.mail.protection.outlook.com","+1 480-393-3028","http://www.adanfranco.co/","5","307","quick question regarding Franco Wellness & Aesthetics - Scottsdale AZ's operations in Scottsdale","queued"
"lead_harv_1790854338415_660","Dolce Medical Spa","Scottsdale","United States","America/Denver","email","eben@eyebytes.com","13.smtp.tagonline.com","+1 623-526-2126","https://www.dolcemedicalspas.com/","4.9","313","quick question regarding Dolce Medical Spa's operations in Scottsdale","queued"
"lead_harv_1790854350536_661","Look Lab Med Spa | Paradise Valley","Scottsdale","United States","America/Denver","contact_form","","","+1 480-808-5665","http://looklab.com/","5","116","quick question regarding Look Lab Med Spa | Paradise Valley's operations in Scottsdale","queued"
"lead_harv_1790854358231_662","DHH Med Spa","Scottsdale","United States","America/Denver","email","john@doe.com","park-mx.above.com","+1 480-336-4195","https://dhhmedspa.com/","4.9","254","quick question regarding DHH Med Spa's operations in Scottsdale","queued"
"lead_harv_1790854363553_663","Skindale Medspa","Scottsdale","United States","America/Denver","email","seo.loginuser@growth99.com","aspmx.l.google.com","+1 623-401-7546","https://skindalemedspa.com/?utm_source=google&utm_medium=organic&utm_campaign=gbp","5","121","quick question regarding Skindale Medspa's operations in Scottsdale","queued"
"lead_harv_1790854371925_664","Glo Medspa","Scottsdale","United States","America/Denver","email","glomedspa1@gmail.com","gmail-smtp-in.l.google.com","+1 480-245-6881","http://www.glomedspas.com/","4.8","91","quick question regarding Glo Medspa's operations in Scottsdale","queued"
"lead_harv_1790854389307_665","Natural Radiance Aesthetics and Wellness","Scottsdale","United States","America/Denver","email","info@naturalradiancemedspa.com","aspmx.l.google.com","+1 480-210-3316","https://naturalradiancemedspa.com/?utm_source=google&utm_medium=organic&utm_campaign=gbp","4.9","145","quick question regarding Natural Radiance Aesthetics and Wellness's operations in Scottsdale","queued"
"lead_harv_1790854392737_666","Lé Nour Aesthetics & Wellness","Scottsdale","United States","America/Denver","contact_form","","","+1 602-888-6603","https://lenourmedspa.com/","5","252","quick question regarding Lé Nour Aesthetics & Wellness's operations in Scottsdale","queued"
"lead_harv_1790854398696_667","MedSpa MANGO","Scottsdale","United States","America/Denver","contact_form","","","+1 480-513-8813","https://medspamango.com/","5","154","quick question regarding MedSpa MANGO's operations in Scottsdale","queued"
"lead_harv_1790854401660_668","Look Lab Med Spa | Arcadia","Scottsdale","United States","America/Denver","contact_form","","","+1 602-854-5665","https://looklab.com/","5","1481","quick question regarding Look Lab Med Spa | Arcadia's operations in Scottsdale","queued"
"lead_harv_1790854407320_669","Blume Skin & Body","Scottsdale","United States","America/Denver","contact_form","","","+1 480-808-4461","https://blumeskintreatment.com/?utm_source=google&utm_medium=organic&utm_campaign=gbp","4.9","178","quick question regarding Blume Skin & Body's operations in Scottsdale","queued"
"lead_harv_1790854411599_670","The Skin Shop Medspa Scottsdale","Scottsdale","United States","America/Denver","email","contact@theskinshopmedspascottsdale.com","mx10.mailspamprotection.com","+1 480-948-1759","https://theskinshopmedspascottsdale.com/","5","79","quick question regarding The Skin Shop Medspa Scottsdale's operations in Scottsdale","queued"
"lead_harv_1790854417495_671","Beautify Spa","Scottsdale","United States","America/Denver","email","support@lovebeautify.com","lovebeautify.com","+1 480-970-1395","https://lovebeautify.com/?UTM_source=GBP_listing&UTM_medium=organic&source=gmb","4.7","376","quick question regarding Beautify Spa's operations in Scottsdale","queued"
"lead_harv_1790854427828_672","MDSkin Lounge","Scottsdale","United States","America/Denver","email","info@mdskinlounge.com","mdskinlounge-com.mail.protection.outlook.com","+1 480-636-1886","http://www.mdskinlounge.com/","4.9","412","quick question regarding MDSkin Lounge's operations in Scottsdale","queued"
"lead_harv_1790854431959_673","Curated Medical","Scottsdale","United States","America/Denver","email","hello@curatedmed.com","curatedmed-com.mail.protection.outlook.com","+1 480-826-1139","https://curatedmed.com/?utm_medium=Click&utm_source=GoogleMyBusiness","5","257","quick question regarding Curated Medical's operations in Scottsdale","queued"
"lead_harv_1790854437189_674","Inspire Day Spa","Scottsdale","United States","America/Denver","email","info@inspiredayspa.com","mx10.antispam.mailspamprotection.com","+1 480-696-7272","https://inspiredayspa.com/","4.9","628","quick question regarding Inspire Day Spa's operations in Scottsdale","queued"
"lead_harv_1790854444758_675","True Med Spa","Scottsdale","United States","America/Denver","email","name@email.com","mx00.mail.com","+1 480-720-8844","http://www.truemedspa.com/","4.9","112","quick question regarding True Med Spa's operations in Scottsdale","queued"
"lead_harv_1790854455878_676","Fresh Start Aesthetics Med Spa","Scottsdale","United States","America/Denver","contact_form","","","+1 602-717-0226","https://www.freshstartaesthetics.com/","4.7","313","quick question regarding Fresh Start Aesthetics Med Spa's operations in Scottsdale","queued"
"lead_harv_1790854460973_677","Skin Beautiful","Scottsdale","United States","America/Denver","email","info@skinbeautifulaz.com","skinbeautifulaz-com.mail.protection.outlook.com","+1 480-578-6364","https://skinbeautifulaz.com/","5","589","quick question regarding Skin Beautiful's operations in Scottsdale","queued"
"lead_harv_1790854465746_678","DS Skin & Lips Medical Spa","Scottsdale","United States","America/Denver","email","info@dsskinandlips.com","mx1.emailsrvr.com","+1 480-864-5100","https://www.dsskinandlips.com/","4.8","353","quick question regarding DS Skin & Lips Medical Spa's operations in Scottsdale","queued"
"lead_harv_1790854473891_679","The Lift Collective Med Spa, LLC","Scottsdale","United States","America/Denver","email","admin@theliftcollectivemedspa.com","aspmx.l.google.com","+1 480-679-9792","https://www.theliftcollectivemedspa.com/","5","59","quick question regarding The Lift Collective Med Spa,'s operations in Scottsdale","queued"
"lead_harv_1790854481750_680","Pearl Med Spa","Scottsdale","United States","America/Denver","contact_form","","","+1 480-409-2717","http://pearlmedspa.com/","4.6","51","quick question regarding Pearl Med Spa's operations in Scottsdale","queued"
"lead_harv_1790854491579_681","Adam & Eve Medical Aesthetics","Scottsdale","United States","America/Denver","contact_form","","","+1 480-575-6584","https://www.adamandevemedspa.com/","4.9","272","quick question regarding Adam & Eve Medical Aesthetics's operations in Scottsdale","queued"
"lead_harv_1790854493946_682","Scottsdale Sculpt","Scottsdale","United States","America/Denver","email","anapbm@gmail.com","gmail-smtp-in.l.google.com","+1 623-414-9025","http://scottsdalesculpt.com/","4.9","179","quick question regarding Scottsdale Sculpt's operations in Scottsdale","queued"
"lead_harv_1790854499120_683","BabyFace Scottsdale Med Spa","Scottsdale","United States","America/Denver","email","hello@babyfacellc.com","aspmx.l.google.com","+1 602-705-8145","https://www.babyfacellc.com/","4.9","243","quick question regarding BabyFace Scottsdale Med Spa's operations in Scottsdale","queued"
"lead_harv_1790854511310_684","Uptown Medispa Scottsdale","Scottsdale","United States","America/Denver","contact_form","","","+1 480-483-4755","http://www.uptownmedispa.com/Scottsdale","5","77","quick question regarding Uptown Medispa Scottsdale's operations in Scottsdale","queued"
"lead_harv_1790854517068_685","Elase Med Spa - Scottsdale","Scottsdale","United States","America/Denver","contact_form","","","+1 480-597-6981","https://elase.com/","4.9","149","quick question regarding Elase Med Spa - Scottsdale's operations in Scottsdale","queued"
"lead_harv_1790854527583_686","SkinSpirit Scottsdale","Scottsdale","United States","America/Denver","email","scottsdale@skinspirit.com","skinspirit-com.mail.protection.outlook.com","+1 480-863-2800","https://www.skinspirit.com/locations/scottsdale/","4.9","175","quick question regarding SkinSpirit Scottsdale's operations in Scottsdale","queued"
"lead_harv_1790854532435_687","The Glam Nurse","Scottsdale","United States","America/Denver","email","info@theglamnurse.com","aspmx.l.google.com","+1 480-527-7646","http://theglamnurse.com/","5","258","quick question regarding The Glam Nurse's operations in Scottsdale","queued"
"lead_harv_1790854539428_688","Arizona MedLaser","Scottsdale","United States","America/Denver","email","info@arizonamedlaser.com","mx00.ionos.com","+1 602-919-3901","https://arizonamedlaser.com/","4.9","477","quick question regarding Arizona MedLaser's operations in Scottsdale","queued"
"lead_harv_1790854546868_689","Joliet Aesthetics Med Spa Scottsdale","Scottsdale","United States","America/Denver","email","info@jolietaesthetics.com","mx1-us1.ppe-hosted.com","+1 480-896-3754","https://www.jolietaestheticsmedspa.com/?utm_source=GBP","5","90","quick question regarding Joliet Aesthetics Med Spa Scottsdale's operations in Scottsdale","queued"
"lead_harv_1790854552440_690","Aesthetic Assets","Scottsdale","United States","America/Denver","contact_form","","","+1 480-699-8089","https://aestheticassets.com//?utm_source=google&utm_medium=organic&utm_campaign=gbp-website","5","354","quick question regarding Aesthetic Assets's operations in Scottsdale","queued"
"lead_harv_1790854559505_691","The Spa Scottsdale","Scottsdale","United States","America/Denver","contact_form","","","+1 480-999-6200","https://www.spascottsdale.com/","4.7","274","quick question regarding The Spa Scottsdale's operations in Scottsdale","queued"
"lead_harv_1790854573528_692","Body Preserve Med Spa & Weight Loss","Scottsdale","United States","America/Denver","contact_form","","","+1 480-788-2425","https://www.bodypreserve.com/","4.9","95","quick question regarding Body Preserve Med Spa & Weight Loss's operations in Scottsdale","queued"
"lead_harv_1790854575610_693","It’s A Secret Med Spa","Scottsdale","United States","America/Denver","contact_form","","","+1 480-685-2647","https://secretmedspa.com/scottsdale-az/","4.4","132","quick question regarding It’s A Secret Med Spa's operations in Scottsdale","queued"
"lead_harv_1790854583761_694","Elixir Medical Spa","Scottsdale","United States","America/Denver","contact_form","","","+1 602-613-1111","https://elixirmedspa.com/","5","64","quick question regarding Elixir Medical Spa's operations in Scottsdale","queued"
"lead_harv_1790854593384_695","lavan med spa","Scottsdale","United States","America/Denver","email","info@lavanmedspa.com","aspmx.l.google.com","+1 480-408-4170","https://www.lavanmedspa.com/","4.6","256","quick question regarding lavan med spa's operations in Scottsdale","queued"
"lead_harv_1790854598200_696","Renew Wellness Medspa A Touch Of Thailand","Scottsdale","United States","America/Denver","email","info@mysite.com","mx.dca.untd.com","+1 480-688-9288","https://www.renewwellnessmedspa.com/book-online","4.9","194","quick question regarding Renew Wellness Medspa A Touch Of Thailand's operations in Scottsdale","queued"
"lead_harv_1790854609619_697","NK Aesthetics","Scottsdale","United States","America/Denver","contact_form","","","+1 602-777-0125","http://www.nkaesthetics.com/","5","160","quick question regarding NK Aesthetics's operations in Scottsdale","queued"
"lead_harv_1790854615815_698","Scottsdale Skin and Head Spa","Scottsdale","United States","America/Denver","contact_form","","","+1 480-442-8093","https://www.scottsdaleskinandheadspa.com/","4.9","160","quick question regarding Scottsdale Skin and Head Spa's operations in Scottsdale","queued"
"lead_harv_1790854620307_699","Desert Bloom Skincare","Scottsdale","United States","America/Denver","email","info@desertbloomskincare.com","mx.yandex.net","+1 480-567-8180","https://www.desertbloomskincare.com/","4.9","216","quick question regarding Desert Bloom Skincare's operations in Scottsdale","queued"
"lead_harv_1790854622832_700","Lumier Medical Spa","Scottsdale","United States","America/Denver","email","example@mysite.com","mx.dca.untd.com","+1 480-244-5544","http://www.lumiermedicalspa.com/","4.9","72","quick question regarding Lumier Medical Spa's operations in Scottsdale","queued"
"lead_harv_1790854639565_701","Golden West Plumbing, Heating, Air Conditioning, and Electrical","Denver","United States","America/Denver","email","scheduling@goldenwestph.com","aspmx.l.google.com","+1 303-529-9771","https://www.goldenwestph.com/?utm_source=google&utm_medium=organic&utm_campaign=gbp","4.8","3814","quick question regarding Golden West Plumbing, Heating, Air Conditioning, and Electrical's operations in Denver","queued"
"lead_harv_1790854645731_702","Heart Heating, Cooling, Plumbing & Electric","Denver","United States","America/Denver","contact_form","","","+1 720-712-0649","https://servicebyheart.com/?utm_source=google&utm_medium=gbp-denver&se_campaign=GBP%20-%20Denver","4.8","3297","quick question regarding Heart Heating, Cooling, Plumbing & Electric's operations in Denver","queued"
"lead_harv_1790854656023_703","Ultimate Heating, Cooling, Plumbing & Electric","Denver","United States","America/Denver","contact_form","","","+1 720-306-9245","https://ultimateheatingandcooling.com/?utm_source=google&utm_medium=organic&utm_campaign=gbp","4.8","1244","quick question regarding Ultimate Heating, Cooling, Plumbing & Electric's operations in Denver","queued"
"lead_harv_1790854675223_704","Right Away Heating","Denver","United States","America/Denver","email","jose@rightawayheating.com","rightawayheating-com.mail.protection.outlook.com","+1 720-646-1962","https://rightawayheating.com/","4.9","340","quick question regarding Right Away Heating's operations in Denver","queued"
"lead_harv_1790854681935_705","Premier Heating and Air","Denver","United States","America/Denver","contact_form","","","+1 720-954-2224","http://www.premieraircolorado.com/","4.7","1678","quick question regarding Premier Heating and Air's operations in Denver","queued"
"lead_harv_1790854693245_706","Roots Heating & Air","Denver","United States","America/Denver","email","admin@rootshvac.com","aspmx.l.google.com","+1 303-381-3061","https://www.rootshvac.com/?utm_source=gmb&utm_medium=organic&utm_campaign=gmb-listing","5","317","quick question regarding Roots Heating & Air's operations in Denver","queued"
"lead_harv_1790854705350_707","Absolute Plumbing, Electrical, Heating & Air","Denver","United States","America/Denver","email","booking@absolutefix.com","absolutefix-com.mail.protection.outlook.com","+1 720-954-2939","https://absolutefix.com/service-area/denver/?utm_source=google-gbp&utm_medium=organic&utm_campaign=*4*absolute-electrical-commerce-city","4.8","3976","quick question regarding Absolute Plumbing, Electrical, Heating & Air's operations in Denver","queued"
"lead_harv_1790854710348_708","Major Heating and Air Conditioning","Denver","United States","America/Denver","contact_form","","","+1 720-856-4848","https://majorheating.com/","4.9","476","quick question regarding Major Heating and Air Conditioning's operations in Denver","queued"
"lead_harv_1790854714821_709","Steel T | Denver HVAC","Denver","United States","America/Denver","email","info@steelt.com","steelt-com.mail.protection.outlook.com","+1 303-761-9276","https://steelt.com/","4.8","974","quick question regarding Steel T | Denver HVAC's operations in Denver","queued"
"lead_harv_1790854728806_710","Mountain Breeze Heating & Air, Inc.","Denver","United States","America/Denver","email","admin@mountainbreezeheatingandair.com","aspmx.l.google.com","+1 303-288-2515","https://mountainbreezeheatingandair.com/","4.9","459","quick question regarding Mountain Breeze Heating & Air, .'s operations in Denver","queued"
"lead_harv_1790854735755_711","Cooper Heating & Cooling","Denver","United States","America/Denver","contact_form","","","+1 720-892-6700","https://www.coopergreenteam.com/denver/?utm_source=gbplistingdenver&utm_medium=referral","4.8","4768","quick question regarding Cooper Heating & Cooling's operations in Denver","queued"
"lead_harv_1790854744618_712","Lou’s Heating & Cooling","Denver","United States","America/Denver","email","admin@loushvac.com","mx1-us1.ppe-hosted.com","+1 303-949-8584","https://www.loushvac303.com/","5","392","quick question regarding Lou’s Heating & Cooling's operations in Denver","queued"
"lead_harv_1790854751135_713","Doctor Fix-It Plumbing, Heating, Cooling & Electric","Denver","United States","America/Denver","contact_form","","","+1 720-647-1805","https://www.calldoctorfixit.com/?utm_source=gmb&utm_medium=organic&utm_campaign=local","4.7","3993","quick question regarding Doctor Fix-It Plumbing, Heating, Cooling & Electric's operations in Denver","queued"
"lead_harv_1790854754660_714","Veteran Heating, Cooling, Plumbing & Electric","Denver","United States","America/Denver","contact_form","","","+1 720-594-6631","https://www.servicebyveteran.com/?utm_source=google&utm_medium=organic&utm_campaign=gbpdenver","4.9","546","quick question regarding Veteran Heating, Cooling, Plumbing & Electric's operations in Denver","queued"
"lead_harv_1790854757432_715","Apple Aire Heating & Cooling","Denver","United States","America/Denver","contact_form","","","+1 303-733-2813","https://www.appleaire.com/","4.8","1246","quick question regarding Apple Aire Heating & Cooling's operations in Denver","queued"
"lead_harv_1790854765865_716","Squeaks Services Plumbing Heating & Air - Denver","Denver","United States","America/Denver","email","workorder@squeaksservices.com","squeaksservices-com.mail.protection.outlook.com","+1 303-280-5765","https://squeaksservices.com/?utm_source=google&utm_medium=organic&utm_campaign=gmb","4.8","1988","quick question regarding Squeaks Services Plumbing Heating & Air - Denver's operations in Denver","queued"
"lead_harv_1790854778625_717","Apex Clean Air AC & Heating Repair","Denver","United States","America/Denver","email","info@apexcleanair.com","smtp.google.com","+1 720-730-5856","https://apexcleanair.com/hvac-denver-co/","4.9","2271","quick question regarding Apex Clean Air AC & Heating Repair's operations in Denver","queued"
"lead_harv_1790854783305_718","Denver's Best Heating & AC Repair","Denver","United States","America/Denver","email","info@denversbestheatingandacrepair.com","mx10.antispam.mailspamprotection.com","+1 303-327-9208","https://www.denversbestheatingandacrepair.com/?utm_campaign=gmb","4.6","147","quick question regarding Denver's Best Heating & AC Repair's operations in Denver","queued"
"lead_harv_1790854785948_719","Absolute Plumbing, Electrical, Heating & Air","Denver","United States","America/Denver","email","booking@absolutefix.com","absolutefix-com.mail.protection.outlook.com","+1 720-617-0677","https://absolutefix.com/service-area/denver/?utm_source=google-gbp&utm_medium=organic&utm_campaign=*490*absolute-denver","4.9","320","quick question regarding Absolute Plumbing, Electrical, Heating & Air's operations in Denver","queued"
"lead_harv_1790854791620_720","The Weather Changers Heating and Air Conditioning","Denver","United States","America/Denver","contact_form","","","+1 303-340-0077","https://theweatherchangers.com/","5","1371","quick question regarding The Weather Changers Heating and Air Conditioning's operations in Denver","queued"
"lead_harv_1790854800822_721","Applewood Plumbing Heating & Electric","Denver","United States","America/Denver","contact_form","","","+1 303-444-1633","https://www.applewoodfixit.com/","4.8","17801","quick question regarding Applewood Plumbing Heating & Electric's operations in Denver","queued"
"lead_harv_1790854812111_722","Comfort Pros Heating and Air Conditioning","Denver","United States","America/Denver","contact_form","","","+1 303-945-4319","http://comfortpros.net/","5","670","quick question regarding Comfort Pros Heating and Air Conditioning's operations in Denver","queued"
"lead_harv_1790854819475_723","Custom Heating, Plumbing & Air Conditioning Services","Denver","United States","America/Denver","contact_form","","","+1 303-341-1900","https://www.customhpaces.com/furnace-repair/?utm_source=google&utm_medium=organic&utm_campaign=gbp_profile","4.9","310","quick question regarding Custom Heating, Plumbing & Air Conditioning Services's operations in Denver","queued"
"lead_harv_1790854824724_724","UniColorado Heating & Cooling","Denver","United States","America/Denver","email","office@unicolorado.com","aspmx.l.google.com","+1 303-997-0097","https://unicolorado.com/?gmb","4.9","153","quick question regarding UniColorado Heating & Cooling's operations in Denver","queued"
"lead_harv_1790854832026_725","ComfortFlow HVAC Service","Denver","United States","America/Denver","contact_form","","","+1 720-414-6680","https://comfortflowhvacservice.best/","4.9","100","quick question regarding ComfortFlow HVAC Service's operations in Denver","queued"
"lead_harv_1790854834436_726","Black Rock HVAC & Plumbing","Denver","United States","America/Denver","email","example@mysite.com","mx.dca.untd.com","+1 720-877-2820","https://www.blackrockhvacplumb.com/","4.9","121","quick question regarding Black Rock HVAC & Plumbing's operations in Denver","queued"
"lead_harv_1790854838976_727","Champion HVAC Service","Denver","United States","America/Denver","contact_form","","","+1 720-330-8870","https://championhvac.site/","4.8","79","quick question regarding Champion HVAC Service's operations in Denver","queued"
"lead_harv_1790854841330_728","All Weather HVAC Denver","Denver","United States","America/Denver","email","wweeiihhuuaanngg@gmail.com","gmail-smtp-in.l.google.com","+1 720-581-4049","http://allweatherhvacdenver.com/","4.5","143","quick question regarding All Weather HVAC Denver's operations in Denver","queued"
"lead_harv_1790854848269_729","Comfort Zone HVAC Service","Denver","United States","America/Denver","contact_form","","","+1 720-780-1140","https://comfortzonehvac.best/","4.9","143","quick question regarding Comfort Zone HVAC Service's operations in Denver","queued"
"lead_harv_1790854859463_730","MileHi HVAC Contractor Denver CO","Denver","United States","America/Denver","email","geno@milehihvac.com","smtp.google.com","+1 720-770-0055","https://milehihvac.com/","5","14","quick question regarding MileHi HVAC Contractor Denver's operations in Denver","queued"
"lead_harv_1790854864610_731","All In One Home Services, LLC","Denver","United States","America/Denver","email","contact@allinonehomeservices.com","allinonehomeservices-com.mail.protection.outlook.com","+1 720-505-7046","https://allinonehomeservices.com/","5","44","quick question regarding All In One Home Services,'s operations in Denver","queued"
"lead_harv_1790854871059_732","Precision Climate HVAC Service","Denver","United States","America/Denver","contact_form","","","+1 720-664-8310","https://precisionclimatehvacservice.site/","4.9","130","quick question regarding Precision Climate HVAC Service's operations in Denver","queued"
"lead_harv_1790854883774_733","Comfort Masters HVAC Service","Denver","United States","America/Denver","contact_form","","","+1 720-704-1180","https://comfortmastershvac.online/","4.8","83","quick question regarding Comfort Masters HVAC Service's operations in Denver","queued"
"lead_harv_1790854895138_734","Porter Family Heating & Cooling","Denver","United States","America/Denver","contact_form","","","+1 719-800-4441","https://porterfamilyheatingcooling.com/denver-co/","4.9","89","quick question regarding Porter Family Heating & Cooling's operations in Denver","queued"
"lead_harv_1790854904156_735","Rogers & Sons, Inc.","Denver","United States","America/Denver","contact_form","","","+1 720-729-3521","https://rogershvac.com/?utm_source=google&utm_medium=gbp","4.7","388","quick question regarding Rogers & Sons, .'s operations in Denver","queued"
"lead_harv_1790854923784_736","Total Comfort HVAC Service","Denver","United States","America/Denver","contact_form","","","+1 720-586-4411","https://totalcomforthvacservice.best/","4.8","135","quick question regarding Total Comfort HVAC Service's operations in Denver","queued"
"lead_harv_1790854934942_737","Thermal Balance HVAC Service","Denver","United States","America/Denver","contact_form","","","+1 720-330-3600","https://thermalbalancehvac.homes/","4.8","98","quick question regarding Thermal Balance HVAC Service's operations in Denver","queued"
"lead_harv_1790854945422_738","Tipping Hat Plumbing, Heating & Electric","Denver","United States","America/Denver","contact_form","","","+1 303-222-4289","https://www.tippinghat.com/?utm_campaign=gmb","4.6","7287","quick question regarding Tipping Hat Plumbing, Heating & Electric's operations in Denver","queued"
"lead_harv_1790854961146_739","Pasterkamp Heating and Air Conditioning","Denver","United States","America/Denver","contact_form","","","+1 720-842-7611","https://www.pasterkamp.com/?utm_source=google&utm_medium=organic&utm_campaign=GMBListing-Denver-CO","4.5","245","quick question regarding Pasterkamp Heating and Air Conditioning's operations in Denver","queued"
"lead_harv_1790855000416_740","Rabbit Heating & Air LLP","Denver","United States","America/Denver","contact_form","","","+1 303-227-9284","https://rabbitheating.com/","4.5","90","quick question regarding Rabbit Heating & Air LLP's operations in Denver","queued"
"lead_harv_1790855020019_741","Summit Heating A/C Plumbing & Electric","Denver","United States","America/Denver","email","inquiries@summitheatingco.com","mx1-us1.ppe-hosted.com","+1 720-870-1580","https://summitheatingco.com/?utm_source=google&utm_medium=organic&utm_campaign=GMBListing-LITTLETON-CO","4.7","414","quick question regarding Summit Heating A/C Plumbing & Electric's operations in Denver","queued"
"lead_harv_1790855026636_742","Harmony HVAC Service","Denver","United States","America/Denver","contact_form","","","+1 720-605-7110","https://harmonyhvac.best/","4.8","116","quick question regarding Harmony HVAC Service's operations in Denver","queued"
"lead_harv_1790855029236_743","Denver Furnace & AC","Denver","United States","America/Denver","contact_form","","","+1 983-277-2112","https://denverfurnaceac.com/","5","1","quick question regarding Denver Furnace & AC's operations in Denver","queued"
"lead_harv_1790855033506_744","HighPoint HVAC","Denver","United States","America/Denver","email","owen@highpoint-hvac.com","mx10.antispam.mailspamprotection.com","+1 720-277-6586","https://highpoint-hvac.com/","5","136","quick question regarding HighPoint HVAC's operations in Denver","queued"
"lead_harv_1790855039174_745","Unified Heating & Air Conditioning","Denver","United States","America/Denver","contact_form","","","+1 720-710-0566","https://unifiedheatingairconditioning.site/","4.8","86","quick question regarding Unified Heating & Air Conditioning's operations in Denver","queued"
"lead_harv_1790855045922_746","DALCO Heating & Air Conditioning","Denver","United States","America/Denver","email","info@dalcohvac.com","aspmx.l.google.com","+1 303-979-7541","https://www.dalcohvac.com/","4.6","219","quick question regarding DALCO Heating & Air Conditioning's operations in Denver","queued"
"lead_harv_1790855051612_747","1st HVAC Repair Denver","Denver","United States","America/Denver","contact_form","","","+1 983-223-0814","http://1sthvacrepairdenver.com/","5","6","quick question regarding 1st HVAC Repair Denver's operations in Denver","queued"
"lead_harv_1790855056990_748","All Climate Systems Heating & Cooling","Denver","United States","America/Denver","contact_form","","","+1 303-280-6222","https://allclimatesystems.net/","4.8","174","quick question regarding All Climate Systems Heating & Cooling's operations in Denver","queued"
"lead_harv_1790855064486_749","Motili","Denver","United States","America/Denver","contact_form","","","+1 800-669-9656","https://www.motili.com/","4.7","786","quick question regarding Motili's operations in Denver","queued"
"lead_harv_1790855071711_750","Full Spectrum HVAC Service","Denver","United States","America/Denver","contact_form","","","+1 720-704-3110","https://fullspectrumhvacservice.com/","4.8","89","quick question regarding Full Spectrum HVAC Service's operations in Denver","queued"
"lead_harv_1790855075337_751","Brown Brothers Plumbing and HVAC","Denver","United States","America/Denver","contact_form","","","+1 720-790-7371","https://brownplumbinghvac.pro/denver-1","4.9","146","quick question regarding Brown Brothers Plumbing and HVAC's operations in Denver","queued"
"lead_harv_1790855078869_752","Salzano Services","Denver","United States","America/Denver","contact_form","","","+1 720-743-2726","https://salzanoelectric.com/denver-electrician/?utm_source=google&utm_medium=organic&utm_campaign=gmb","5","384","quick question regarding Salzano Services's operations in Denver","queued"
"lead_harv_1790855092629_753","Day & Night Mechanical Solutions, Inc.","Denver","United States","America/Denver","contact_form","","","+1 303-936-2696","https://dnmech.com/?utm_source=google&utm_medium=organic&utm_campaign=gbp","4.6","262","quick question regarding Day & Night Mechanical Solutions, .'s operations in Denver","queued"
"lead_harv_1790855098794_754","Charlotte Roofing Specialists","Charlotte","United States","America/New_York","email","info@charlotteroofing.com","d357602a.ess.barracudanetworks.com","+1 704-610-6616","https://www.charlotteroofing.com/?utm_source=g-local&utm_medium=organic&utm_campaign=GMB","5","246","quick question regarding Charlotte Roofing Specialists's operations in Charlotte","queued"
"lead_harv_1790855112832_755","Charlotte Ace Roofing","Charlotte","United States","America/New_York","contact_form","","","+1 704-396-8383","https://charlotteaceroofing.com/","5","585","quick question regarding Charlotte Ace Roofing's operations in Charlotte","queued"
"lead_harv_1790855118181_756","Horizon Roofing - Charlotte","Charlotte","United States","America/New_York","email","info@horizonrr.com","horizonrr-com.mail.protection.outlook.com","+1 980-577-6009","https://horizonrr.com/?utm_campaign=gmb","5","253","quick question regarding Horizon Roofing - Charlotte's operations in Charlotte","queued"
"lead_harv_1790855128003_757","Roof Medic","Charlotte","United States","America/New_York","email","contact@roofmedic.com","aspmx.l.google.com","+1 704-228-7788","https://roofmedic.com/","4.9","560","quick question regarding Roof Medic's operations in Charlotte","queued"
"lead_harv_1790855130775_758","Southern Star Roofing","Charlotte","United States","America/New_York","contact_form","","","+1 704-937-7663","https://southernstarroofing.com/","4.9","353","quick question regarding Southern Star Roofing's operations in Charlotte","queued"
"lead_harv_1790855141638_759","Roof Repair Specialists","Charlotte","United States","America/New_York","email","info@roofrepairspecialists.com","mx2.mailchannels.net","+1 704-741-8082","https://www.roofrepairspecialists.com/charlotte/","5","12","quick question regarding Roof Repair Specialists's operations in Charlotte","queued"
"lead_harv_1790855150324_760","Carolina Roof Consultants","Charlotte","United States","America/New_York","contact_form","","","+1 704-277-4582","http://www.carolinaroofconsultants.com/","5","855","quick question regarding Carolina Roof Consultants's operations in Charlotte","queued"
"lead_harv_1790855156597_761","Masters Roofing","Charlotte","United States","America/New_York","email","jeff@mastersroofinginc.com","aspmx.l.google.com","+1 704-659-1290","https://www.mastersroofinginc.com/service-areas/charlotte-roofing-company/","4.9","273","quick question regarding Masters Roofing's operations in Charlotte","queued"
"lead_harv_1790855162259_762","Gaston Roofing LLC- Charlotte","Charlotte","United States","America/New_York","email","office@gastonroofing.com","aspmx.l.google.com","+1 704-861-8166","https://gastonroofing.com/","5","47","quick question regarding Gaston Roofing - Charlotte's operations in Charlotte","queued"
"lead_harv_1790855166037_763","Charlotte Pro Roofing","Charlotte","United States","America/New_York","email","charlotteproroofing@gmail.com","gmail-smtp-in.l.google.com","+1 704-575-3185","http://charlotteproroofing.com/","4.8","72","quick question regarding Charlotte Pro Roofing's operations in Charlotte","queued"
"lead_harv_1790855170307_764","Charlotte Premier Roofing","Charlotte","United States","America/New_York","email","info@charlottepremierroofing.com","charlottepremierroofing-com.mail.protection.outlook.com","+1 704-352-1112","https://www.charlottepremierroofing.com/?utm_source=google&utm_medium=organic&utm_campaign=gbp-listing&utm_content=website","5","128","quick question regarding Charlotte Premier Roofing's operations in Charlotte","queued"
"lead_harv_1790855175687_765","21 Roofing Group (Serving The Carolinas)","Charlotte","United States","America/New_York","contact_form","","","+1 980-277-4421","https://21roofinggroup.com/?utm_source=google&utm_medium=gmb","4.9","379","quick question regarding 21 Roofing  (Serving The Carolinas)'s operations in Charlotte","queued"
"lead_harv_1790855178791_766","New Roof","Charlotte","United States","America/New_York","email","eaglerockroofingnc@gmail.com","gmail-smtp-in.l.google.com","+1 704-999-6034","https://www.newroofclt.com/","4.9","199","quick question regarding New Roof's operations in Charlotte","queued"
"lead_harv_1790855188446_767","Elite Roof and Solar - Charlotte","Charlotte","United States","America/New_York","contact_form","","","+1 704-992-7474","https://eliteroofandsolar.com/roofers/charlotte-nc/","4.9","100","quick question regarding Elite Roof and Solar - Charlotte's operations in Charlotte","queued"
"lead_harv_1790855194616_768","Triumph Roofing Charlotte","Charlotte","United States","America/New_York","email","info@triumphroofingcharlotte.com","mx1.titan.email","+1 704-286-5951","https://www.triumphroofingcharlotte.com/","5","201","quick question regarding Triumph Roofing Charlotte's operations in Charlotte","queued"
"lead_harv_1790855200145_769","Kaiser Siding and Roofing LLC","Charlotte","United States","America/New_York","contact_form","","","+1 704-612-2947","https://kaiserroof.com/charlotte-nc/?utm_source=Google+Business+Profile&utm_medium=Charlotte&utm_campaign=GBP","4.8","336","quick question regarding Kaiser Siding and Roofing's operations in Charlotte","queued"
"lead_harv_1790855203973_770","Weather Roofing","Charlotte","United States","America/New_York","contact_form","","","+1 704-774-3041","https://weatherroofing.com/","5","142","quick question regarding Weather Roofing's operations in Charlotte","queued"
"lead_harv_1790855214289_771","Total Roofing Solutions LLC","Charlotte","United States","America/New_York","email","earl@totalroofingsolution.com","aspmx.l.google.com","+1 704-751-7566","https://totalroofingsolution.com/","5","140","quick question regarding Total Roofing Solutions's operations in Charlotte","queued"
"lead_harv_1790855220758_772","Storm Guard of Charlotte","Charlotte","United States","America/New_York","contact_form","","","+1 980-372-6181","https://www.stormguardrc.com/nc/charlotte/?utm_source=gbp&utm_medium=organic","4.9","326","quick question regarding Storm Guard of Charlotte's operations in Charlotte","queued"
"lead_harv_1790855222807_773","Guy Roofing Inc.","Charlotte","United States","America/New_York","contact_form","","","+1 704-867-4922","https://guyroofing.com/locations/charlotte-nc","4.7","507","quick question regarding Guy Roofing .'s operations in Charlotte","queued"
"lead_harv_1790855239513_774","Carolina Storm Roofing","Charlotte","United States","America/New_York","contact_form","","","+1 704-307-9171","http://csroofingandgutters.com/","4.7","80","quick question regarding Carolina Storm Roofing's operations in Charlotte","queued"
"lead_harv_1790855243109_775","Mighty Dog Roofing of Charlotte","Charlotte","United States","America/New_York","contact_form","","","+1 980-294-4522","https://www.mightydogroofing.com/charlotte-nc/","4.7","204","quick question regarding Mighty Dog Roofing of Charlotte's operations in Charlotte","queued"
"lead_harv_1790855248058_776","Taylor Roofing","Charlotte","United States","America/New_York","email","info@roofsbytaylor.com","aspmx.l.google.com","+1 704-960-8394","http://www.roofsbytaylor.com/","4.7","119","quick question regarding Taylor Roofing's operations in Charlotte","queued"
"lead_harv_1790855253970_777","H & S Roofing & Gutter Company","Charlotte","United States","America/New_York","email","sales@hsroofing.com","guardian-st.wilsontechnologygroup.com","+1 704-334-9934","https://www.hsroofing.com/","4.6","208","quick question regarding H & S Roofing & Gutter Company's operations in Charlotte","queued"
"lead_harv_1790855268095_778","Evergreen Roofing Solutions","Charlotte","United States","America/New_York","contact_form","","","+1 704-609-3561","https://www.evergreenroofingcharlotte.com/","4.9","148","quick question regarding Evergreen Roofing Solutions's operations in Charlotte","queued"
"lead_harv_1790855276926_779","Priority Roofing","Charlotte","United States","America/New_York","email","office@priorityroofs.com","aspmx.l.google.com","+1 980-301-3541","https://priorityroofs.com/location/charlotte/","4.9","69","quick question regarding Priority Roofing's operations in Charlotte","queued"
"lead_harv_1790855288171_780","AAA Affordable Roofing","Charlotte","United States","America/New_York","contact_form","","","+1 704-564-5597","https://www.myaaaar.com/?utm_source=google&utm_medium=organic&utm_campaign=gbp","4.6","33","quick question regarding AAA Affordable Roofing's operations in Charlotte","queued"
"lead_harv_1790855298367_781","Davco Roofing and Sheet Metal, LLC","Charlotte","United States","America/New_York","email","info@davcoroofing.com","davcoroofing-com.mail.protection.outlook.com","+1 704-207-0945","https://davcoroofing.com/?utm_campaign=gmb","5","50","quick question regarding Davco Roofing and Sheet Metal,'s operations in Charlotte","queued"
"lead_harv_1790855301445_782","HL Construction & Roofing","Charlotte","United States","America/New_York","email","hlconstructionandroofing@gmail.com","gmail-smtp-in.l.google.com","+1 704-906-9748","https://www.hlconstructionroofing.com/","5","16","quick question regarding HL Construction & Roofing's operations in Charlotte","queued"
"lead_harv_1790855307641_783","Weatherguard Roofing & Restoration","Charlotte","United States","America/New_York","email","info@wgrestoration.com","aspmx.l.google.com","+1 980-998-1493","https://wgrestoration.com/?utm_source=google&utm_medium=organic&utm_campaign=gmb-primary-ch-link","4.7","304","quick question regarding Weatherguard Roofing & Restoration's operations in Charlotte","queued"
"lead_harv_1790855321702_784","Premier Roofing Company","Charlotte","United States","America/New_York","contact_form","","","+1 704-601-7663","https://www.premier-roofing.com/locations/charlotte-roofing/?utm_source=google&utm_medium=local&utm_campaign=GMB&utm_content=Charlotte","4.9","69","quick question regarding Premier Roofing Company's operations in Charlotte","queued"
"lead_harv_1790855322205_785","Premier Roofing","Charlotte","United States","America/New_York","whatsapp","","","+1 704-340-1550","","4.8","16","quick question regarding Premier Roofing's operations in Charlotte","queued"
"lead_harv_1790855329859_786","Canopy Roofing and Exteriors","Charlotte","United States","America/New_York","email","info@canopyext.com","aspmx.l.google.com","+1 704-495-0111","https://canopyext.com/","4.9","63","quick question regarding Canopy Roofing and Exteriors's operations in Charlotte","queued"
"lead_harv_1790855343511_787","TruROOF","Charlotte","United States","America/New_York","email","info@truroof.com","mx1-us1.ppe-hosted.com","+1 803-878-7663","http://www.truroof.com/","5","431","quick question regarding TruROOF's operations in Charlotte","queued"
"lead_harv_1790855350044_788","Kingdom Roofing & Construction LLC","Charlotte","United States","America/New_York","contact_form","","","+1 704-868-1396","https://kingdomroofingllc.com/","4.9","81","quick question regarding Kingdom Roofing & Construction's operations in Charlotte","queued"
"lead_harv_1790855363173_789","Regal","Charlotte","United States","America/New_York","contact_form","","","+1 980-734-5820","https://regrs.com/areas-served/charlotte/?utm_campaign=gbp-charlotte&utm_medium=organic&utm_source=google","5","140","quick question regarding Regal's operations in Charlotte","queued"
"lead_harv_1790855370426_790","O'Danny Boy Builders, Charlotte","Charlotte","United States","America/New_York","contact_form","","","+1 704-845-4600","https://www.odannyboybuilders.com/","5","65","quick question regarding O'Danny Boy Builders, Charlotte's operations in Charlotte","queued"
"lead_harv_1790855375857_791","Northline Roofing, LLC","Charlotte","United States","America/New_York","email","contact@northlineroofing.com","aspmx.l.google.com","+1 704-741-4183","http://northlineroofing.com/?utm_campaign=gmb","5","317","quick question regarding Northline Roofing,'s operations in Charlotte","queued"
"lead_harv_1790855382103_792","Vision Roofing, LLC","Charlotte","United States","America/New_York","contact_form","","","+1 704-312-8558","https://visionroofingllc.com/","5","77","quick question regarding Vision Roofing,'s operations in Charlotte","queued"
"lead_harv_1790855385967_793","Top Flite Roofing","Charlotte","United States","America/New_York","email","mmk.tfr@gmail.com","gmail-smtp-in.l.google.com","+1 704-776-2024","https://topfliteroofing.com/","4.9","157","quick question regarding Top Flite Roofing's operations in Charlotte","queued"
"lead_harv_1790855391241_794","Steele Restoration LLC","Charlotte","United States","America/New_York","contact_form","","","+1 980-485-5508","https://www.steelerestoration.com/","4.8","200","quick question regarding Steele Restoration's operations in Charlotte","queued"
"lead_harv_1790855391883_795","Roofing And Siding Repair Tech LLC.","Charlotte","United States","America/New_York","whatsapp","","","+1 980-310-4983","","4.8","40","quick question regarding Roofing And Siding Repair Tech .'s operations in Charlotte","queued"
"lead_harv_1790855407342_796","Gold Medal Roofing Company North Carolina","Charlotte","United States","America/New_York","email","contact@goldmedalroofing.com","goldmedalroofing-com.mail.protection.outlook.com","+1 704-741-0288","https://www.goldmedalroofing.com/service-areas/north-carolina/?utm_source=google&utm_medium=organic&utm_campaign=gbp-charlotte","4.9","155","quick question regarding Gold Medal Roofing Company North Carolina's operations in Charlotte","queued"
"lead_harv_1790855413377_797","Baker Roofing Company","Charlotte","United States","America/New_York","email","contact@bakerroofing.com","us-smtp-inbound-2.mimecast.com","+1 704-587-3737","https://bakerroofing.com/","4.7","61","quick question regarding Baker Roofing Company's operations in Charlotte","queued"
"lead_harv_1790855417341_798","A&W Roofing","Charlotte","United States","America/New_York","email","eben@eyebytes.com","13.smtp.tagonline.com","+1 704-925-1333","https://awroofs.com/?utm_source=GMB&utm_medium=organic","4.8","104","quick question regarding A&W Roofing's operations in Charlotte","queued"
"lead_harv_1790855417550_799","Carl Roofing Experts LLC","Charlotte","United States","America/New_York","whatsapp","","","+1 980-529-7879","","5","5","quick question regarding Carl Roofing Experts's operations in Charlotte","queued"
"lead_harv_1790855424176_800","Merritt Roofing LLC","Charlotte","United States","America/New_York","contact_form","","","+1 704-303-4774","https://www.merrittroofing.com/","5","105","quick question regarding Merritt Roofing's operations in Charlotte","queued"
"lead_harv_1790855429321_801","Crabapple Roofing Contractors, LLC","Charlotte","United States","America/New_York","email","info@crabappleroofing.com","crabappleroofing-com.mail.protection.outlook.com","+1 704-280-6319","https://www.crabappleroofing.com/","5","11","quick question regarding Crabapple Roofing Contractors,'s operations in Charlotte","queued"
"lead_harv_1790855434955_802","Grier Roofing, LLC","Charlotte","United States","America/New_York","email","info@gogrier.com","gogrier-com.mail.protection.outlook.com","+1 704-562-5806","https://grierroofing.com/areas-we-serve/roofing-company-charlotte-nc/","5","8","quick question regarding Grier Roofing,'s operations in Charlotte","queued"
"lead_harv_1790855443545_803","Rogue Carolina Roofing LLC","Charlotte","United States","America/New_York","contact_form","","","+1 980-403-4545","http://roguecarolinaroofing.com/","4.7","68","quick question regarding Rogue Carolina Roofing's operations in Charlotte","queued"
"lead_harv_1790855457184_804","Southern Roofing","Charlotte","United States","America/New_York","contact_form","","","+1 704-363-3317","http://www.srroof.com/","4.7","50","quick question regarding Southern Roofing's operations in Charlotte","queued"
"lead_harv_1790855460914_805","Roof-M-All","Charlotte","United States","America/New_York","email","roofmall08@yahoo.com","mta7.am0.yahoodns.net","+1 704-631-9936","https://www.roof-m-all.com/","4.8","57","quick question regarding Roof-M-All's operations in Charlotte","queued"
"lead_harv_1790855464075_806","Exclusive Auto Detailing and Ceramic Coating | Mobile Service","Las Vegas","United States","America/Los_Angeles","email","charles.rosenow.b@gmail.com","gmail-smtp-in.l.google.com","+1 775-901-6063","https://exclusivemobiledetails.net/","4.9","734","quick question regarding Exclusive Auto Detailing and Ceramic Coating | Mobile Service's operations in Las Vegas","queued"
"lead_harv_1790855474582_807","Nevada Mobile Detailing & Auto Spa","Las Vegas","United States","America/Los_Angeles","contact_form","","","+1 702-824-6042","http://nevadaautospa.com/","4.9","373","quick question regarding Nevada Mobile Detailing & Auto Spa's operations in Las Vegas","queued"
"lead_harv_1790855479064_808","Gloss It Ceramic Coatings & PPF","Las Vegas","United States","America/Los_Angeles","email","info@gloss-it.com","ASPMX.L.GOOGLE.com","+1 702-252-4000","https://glossitdetailstudio.com/","4.9","989","quick question regarding Gloss It Ceramic Coatings & PPF's operations in Las Vegas","queued"
"lead_harv_1790855491133_809","Immaculate Auto Detailing And Ceramic Coating - Southern Highlands","Las Vegas","United States","America/Los_Angeles","contact_form","","","+1 725-326-7492","https://www.thefirstdetail.com/","5","283","quick question regarding Immaculate Auto Detailing And Ceramic Coating - Southern Highlands's operations in Las Vegas","queued"
"lead_harv_1790855498868_810","The Collision Center","Las Vegas","United States","America/Los_Angeles","contact_form","","","+1 702-472-7777","http://collision702.com/","4.8","408","quick question regarding The Collision Center's operations in Las Vegas","queued"
"lead_harv_1790855508055_811","Tornado Mobile Detailing LLC","Las Vegas","United States","America/Los_Angeles","email","info@tornadomobiledetailing.com","aspmx.l.google.com","+1 725-277-2583","https://www.tornadomobiledetailing.com/","4.9","110","quick question regarding Tornado Mobile Detailing's operations in Las Vegas","queued"
"lead_harv_1790855512392_812","Desert Auto Body","Las Vegas","United States","America/Los_Angeles","contact_form","","","+1 702-643-2822","http://desertautobodylv.com/","4.9","357","quick question regarding Desert Auto Body's operations in Las Vegas","queued"
"lead_harv_1790855512596_813","ProAuto Body Llc","Las Vegas","United States","America/Los_Angeles","whatsapp","","","+1 702-401-0589","","4.9","219","quick question regarding ProAuto Body's operations in Las Vegas","queued"
"lead_harv_1790855514630_814","Immaculate Auto Detailing and Ceramic Coating","Las Vegas","United States","America/Los_Angeles","email","immaculateautodetailinglv@gmail.com","gmail-smtp-in.l.google.com","+1 702-580-6168","https://www.immaculateautodetailing.net/","4.9","151","quick question regarding Immaculate Auto Detailing and Ceramic Coating's operations in Las Vegas","queued"
"lead_harv_1790855520310_815","Dipped Auto Works - Car Wraps, PPF, Paint Protection Film, Ceramic Coating, Window Tint & Collision Repair","Las Vegas","United States","America/Los_Angeles","contact_form","","","+1 702-379-8716","https://www.dippedautoworks.com/","4.5","232","quick question regarding Dipped Auto Works - Car Wraps, PPF, Paint Protection Film, Ceramic Coating, Window Tint & Collision Repair's operations in Las Vegas","queued"
"lead_harv_1790855523247_816","Cargo Detailing Car Detailing Las Vegas","Las Vegas","United States","America/Los_Angeles","email","cargodetailing@gmail.com","gmail-smtp-in.l.google.com","+1 702-832-4108","https://cargomobiledetailing.com/?utm_campaign=gmb","4.9","151","quick question regarding Cargo Detailing Car Detailing Las Vegas's operations in Las Vegas","queued"
"lead_harv_1790855526266_817","DETAIL CITY Las Vegas","Las Vegas","United States","America/Los_Angeles","email","detailcityautospa@gmail.com","gmail-smtp-in.l.google.com","+1 725-277-5404","http://detailcitylv.com/","4.9","207","quick question regarding DETAIL CITY Las Vegas's operations in Las Vegas","queued"
"lead_harv_1790855526479_818","S&H GARAGE AUTO DETAIL LLC","Las Vegas","United States","America/Los_Angeles","whatsapp","","","+1 702-533-8844","","4.8","50","quick question regarding S&H GARAGE AUTO DETAIL's operations in Las Vegas","queued"
"lead_harv_1790855534297_819","The Best Detail","Las Vegas","United States","America/Los_Angeles","email","a2ddigitalmedia@gmail.com","gmail-smtp-in.l.google.com","+1 702-718-7214","http://www.thebestdetail.com/","4.6","301","quick question regarding The Best Detail's operations in Las Vegas","queued"
"lead_harv_1790855540379_820","Best Class Auto Body LLC","Las Vegas","United States","America/Los_Angeles","email","info@bestclassautobody.com","mx1.hostinger.com","+1 702-754-5408","http://bestclassautobody.com/","4.9","145","quick question regarding Best Class Auto Body's operations in Las Vegas","queued"
"lead_harv_1790855542664_821","Detailers of Las Vegas","Las Vegas","United States","America/Los_Angeles","email","detailersoflasvegas@gmail.com","gmail-smtp-in.l.google.com","+1 702-302-1800","http://www.detailersoflasvegas.com/","4.8","128","quick question regarding Detailers of Las Vegas's operations in Las Vegas","queued"
"lead_harv_1790855547311_822","Rice Auto Detailing","Las Vegas","United States","America/Los_Angeles","email","info@website.com","mailsrv101.in2net.com","+1 702-978-8422","https://riceautodetailing.com/","5","251","quick question regarding Rice Auto Detailing's operations in Las Vegas","queued"
"lead_harv_1790855550442_823","Care 4 Mobile Detailing","Las Vegas","United States","America/Los_Angeles","email","abraham231718@gmail.com","gmail-smtp-in.l.google.com","+1 702-377-1422","https://app.squareup.com/appointments/book/2ts29t9ppo7oto/LDC78XDZ50GQT/start","5","189","quick question regarding Care 4 Mobile Detailing's operations in Las Vegas","queued"
"lead_harv_1790855550659_824","JD AUTO COLLISION CENTER LLC","Las Vegas","United States","America/Los_Angeles","whatsapp","","","+1 702-542-9858","","5","44","quick question regarding JD AUTO COLLISION CENTER's operations in Las Vegas","queued"
"lead_harv_1790855558135_825","Reflectionz Detail Las Vegas & CeramicPro","Las Vegas","United States","America/Los_Angeles","email","estimates@reflectionzdetail.com","reflectionzdetail-com.mail.protection.outlook.com","+1 702-444-4185","https://www.reflectionzdetail.com/","4.8","505","quick question regarding Reflectionz Detail Las Vegas & CeramicPro's operations in Las Vegas","queued"
"lead_harv_1790855566125_826","Fresh Detail LV Car Detailing Las Vegas","Las Vegas","United States","America/Los_Angeles","contact_form","","","+1 702-624-7266","https://book.freshdetaillv.com/","5","306","quick question regarding Fresh Detail LV Car Detailing Las Vegas's operations in Las Vegas","queued"
"lead_harv_1790855568467_827","Pro Collision Auto Body Shop","Las Vegas","United States","America/Los_Angeles","contact_form","","","+1 702-628-9900","http://procclv.com/?utm_campaign=gmb&utm_medium=organic&utm_source=google","4.7","235","quick question regarding Pro Collision Auto Body Shop's operations in Las Vegas","queued"
"lead_harv_1790855571983_828","Auto Master's Collision","Las Vegas","United States","America/Los_Angeles","email","automasterscollision37@gmail.com","gmail-smtp-in.l.google.com","+1 702-202-1332","https://automasterscollision.com/","5","95","quick question regarding Auto Master's Collision's operations in Las Vegas","queued"
"lead_harv_1790855581835_829","Caliber Collision","Las Vegas","United States","America/Los_Angeles","contact_form","","","+1 702-527-5555","https://www.caliber.com/find-a-location/las-vegas-ricky-rd?utm_source=google&utm_medium=gbp-profile&utm_campaign=webform-GBPwebsite&utm_content=&utm_term=&utm_id=0966","4.6","559","quick question regarding Caliber Collision's operations in Las Vegas","queued"
"lead_harv_1790855583952_830","A Auto Center","Las Vegas","United States","America/Los_Angeles","contact_form","","","+1 702-222-1028","http://aautocenterlv.com/","5","88","quick question regarding A Auto Center's operations in Las Vegas","queued"
"lead_harv_1790855592039_831","Auto Collision Experts","Las Vegas","United States","America/Los_Angeles","email","vegas@acelv.com","smtp.google.com","+1 702-664-8838","https://acelv.com/","4.9","136","quick question regarding Auto Collision Experts's operations in Las Vegas","queued"
"lead_harv_1790855601920_832","Fix Auto Las Vegas East","Las Vegas","United States","America/Los_Angeles","contact_form","","","+1 702-641-8165","https://fixautousa.com/locations/nv/las-vegas/fix-auto-las-vegas-east-24129/","4.9","421","quick question regarding Fix Auto Las Vegas East's operations in Las Vegas","queued"
"lead_harv_1790855615870_833","Industry Auto Collision Center","Las Vegas","United States","America/Los_Angeles","contact_form","","","+1 702-994-1216","http://www.industryautocollision.com/","4.5","84","quick question regarding Industry Auto Collision Center's operations in Las Vegas","queued"
"lead_harv_1790855620644_834","AMG Autobody & Repair","Las Vegas","United States","America/Los_Angeles","contact_form","","","+1 702-781-8001","https://amgautolv.com/","4.9","121","quick question regarding AMG Autobody & Repair's operations in Las Vegas","queued"
"lead_harv_1790855621141_835","True Colors Auto Body Collision Center LLC","Las Vegas","United States","America/Los_Angeles","whatsapp","","","+1 702-802-1042","","5","25","quick question regarding True Colors Auto Body Collision Center's operations in Las Vegas","queued"
"lead_harv_1790855624114_836","Diamond Collision and Performance Center","Las Vegas","United States","America/Los_Angeles","contact_form","","","+1 702-483-4367","https://www.diamondcollisioncenterperformance.com/","4.7","109","quick question regarding Diamond Collision and Performance Center's operations in Las Vegas","queued"
"lead_harv_1790855630151_837","Aqualine Performance","Las Vegas","United States","America/Los_Angeles","email","info@aqualineperf.com","smtp.google.com","+1 702-831-0641","http://www.aqualineperf.com/","5","98","quick question regarding Aqualine Performance's operations in Las Vegas","queued"
"lead_harv_1790855644166_838","Detail Garage - Las Vegas","Las Vegas","United States","America/Los_Angeles","contact_form","","","+1 702-834-6020","http://www.detailgarage.com/location","4.9","150","quick question regarding Detail Garage - Las Vegas's operations in Las Vegas","queued"
"lead_harv_1790855644738_839","Best Choice Collision Center Inc","Las Vegas","United States","America/Los_Angeles","whatsapp","","","+1 702-364-2222","","4.9","88","quick question regarding Best Choice Collision Center's operations in Las Vegas","queued"
"lead_harv_1790855654311_840","CARSTAR Metropolitan Auto Body & Paint","Las Vegas","United States","America/Los_Angeles","contact_form","","","+1 702-792-6220","https://www.carstar.com/","4.4","233","quick question regarding CARSTAR Metropolitan Auto Body & Paint's operations in Las Vegas","queued"
"lead_harv_1790855666285_841","Nevada Auto Collision Center","Las Vegas","United States","America/Los_Angeles","contact_form","","","+1 702-457-2008","https://www.nevadacollision.com/","4.3","113","quick question regarding Nevada Auto Collision Center's operations in Las Vegas","queued"
"lead_harv_1790855668062_842","Dent Guys Las Vegas","Las Vegas","United States","America/Los_Angeles","email","dentguyslasvegas@gmail.com","gmail-smtp-in.l.google.com","+1 702-429-9661","https://www.dentguyslasvegas.com/?utm_source=google&utm_medium=wix_google_business_profile&utm_campaign=7467671998100843039","4.9","700","quick question regarding Dent Guys Las Vegas's operations in Las Vegas","queued"
"lead_harv_1790855673222_843","JV AUTO COLLISION","Las Vegas","United States","America/Los_Angeles","contact_form","","","+1 702-643-1115","https://jvautocollision.com/","5","12","quick question regarding JV AUTO COLLISION's operations in Las Vegas","queued"
"lead_harv_1790855677197_844","Family Auto Collision","Las Vegas","United States","America/Los_Angeles","whatsapp","","","+1 702-444-4623","","4.9","146","quick question regarding Family Auto Collision's operations in Las Vegas","queued"
"lead_harv_1790855681515_845","S&M Auto Body & Paint","Las Vegas","United States","America/Los_Angeles","email","info@sandmautobody.com","sandmautobody-com.mail.protection.outlook.com","+1 702-586-8727","http://sandmautobody.com/","4.6","186","quick question regarding S&M Auto Body & Paint's operations in Las Vegas","queued"
"lead_harv_1790855686317_846","Las Vegas Collision Center","Las Vegas","United States","America/Los_Angeles","contact_form","","","+1 702-464-5960","http://lvcollisionctr.com/","4.5","114","quick question regarding Las Vegas Collision Center's operations in Las Vegas","queued"
"lead_harv_1790855699795_847","Kaizen Collision Center - Las Vegas East","Las Vegas","United States","America/Los_Angeles","contact_form","","","+1 702-457-3002","https://www.kaizencollision.com/locations/body-shop-las-vegas-nv/","4.7","669","quick question regarding Kaizen Collision Center - Las Vegas East's operations in Las Vegas","queued"
"lead_harv_1790855708723_848","Arrow Collision","Las Vegas","United States","America/Los_Angeles","contact_form","","","+1 702-253-9698","https://arrowcollisionlv.com/","4.7","184","quick question regarding Arrow Collision's operations in Las Vegas","queued"
"lead_harv_1790855720761_849","Elite Audio Customs & Collision","Las Vegas","United States","America/Los_Angeles","contact_form","","","+1 702-739-9977","http://www.eaclv.com/","4.6","285","quick question regarding Elite Audio Customs & Collision's operations in Las Vegas","queued"
"lead_harv_1790855732891_850","The Auto Group","Las Vegas","United States","America/Los_Angeles","whatsapp","","","+1 702-202-6229","","5","30","quick question regarding The Auto's operations in Las Vegas","queued"
"lead_harv_1790855734936_851","Caliber Collision","Las Vegas","United States","America/Los_Angeles","email","lasvegasranchord@calibercollision.com","calibercollision-com.mail.protection.outlook.com","+1 702-949-2886","https://www.caliber.com/find-a-location/las-vegas-rancho-rd?utm_source=google&utm_medium=gbp-profile&utm_campaign=webform-GBPwebsite&utm_content=&utm_term=&utm_id=0966","4.7","877","quick question regarding Caliber Collision's operations in Las Vegas","queued"
"lead_harv_1790855735147_852","Master Auto Collision","Las Vegas","United States","America/Los_Angeles","whatsapp","","","+1 702-381-0894","","5","51","quick question regarding Master Auto Collision's operations in Las Vegas","queued"
"lead_harv_1790855737976_853","Sin City Mobile Detailing","Las Vegas","United States","America/Los_Angeles","email","chenowith52@gmail.com","gmail-smtp-in.l.google.com","+1 702-530-5743","https://welcome.sincitydetailing.com/","4.8","22","quick question regarding Sin City Mobile Detailing's operations in Las Vegas","queued"
"lead_harv_1790855746577_854","Chapman Collision Center Las Vegas","Las Vegas","United States","America/Los_Angeles","contact_form","","","+1 702-432-2450","https://www.chapmancollision.com/locations/chapman-collision-las-vegas?utm_source=google&utm_medium=organic+&utm_campaign=gmb","4.5","505","quick question regarding Chapman Collision Center Las Vegas's operations in Las Vegas","queued"
"lead_harv_1790855756273_855","Mr. Flames Paint & Body","Las Vegas","United States","America/Los_Angeles","contact_form","","","+1 702-643-0422","http://mrflamespaintbody.com/","4.7","95","quick question regarding Mr. Flames Paint & Body's operations in Las Vegas","queued"
"lead_harv_1790855756504_856","Vegas Collision Center","Las Vegas","United States","America/Los_Angeles","whatsapp","","","+1 702-247-1075","","4.7","63","quick question regarding Vegas Collision Center's operations in Las Vegas","queued"
"lead_harv_1790855758578_857","Sin City Collision Center","Las Vegas","United States","America/Los_Angeles","contact_form","","","+1 702-259-5001","http://sincitycollisioncenter.com/","4.6","274","quick question regarding Sin City Collision Center's operations in Las Vegas","queued"
"lead_harv_1790855765924_858","Quality Star Auto Body Collision","Las Vegas","United States","America/Los_Angeles","contact_form","","","+1 702-685-6500","http://qualitystarimports.com/","4.7","383","quick question regarding Quality Star Auto Body Collision's operations in Las Vegas","queued"
"lead_harv_1790855782347_859","Collision Works LV","Las Vegas","United States","America/Los_Angeles","email","info@collisionworkslv.com","aspmx.l.google.com","+1 702-665-5416","http://www.collisionworkslv.com/","4.8","186","quick question regarding Collision Works LV's operations in Las Vegas","queued"
"lead_harv_1790855784189_860","Caliber Collision","Las Vegas","United States","America/Los_Angeles","email","lasvegasdowntown@calibercollision.com","calibercollision-com.mail.protection.outlook.com","+1 702-641-4190","https://www.caliber.com/find-a-location/las-vegas-downtown?utm_source=google&utm_medium=gbp-profile&utm_campaign=webform-GBPwebsite&utm_content=&utm_term=&utm_id=0966","4.5","644","quick question regarding Caliber Collision's operations in Las Vegas","queued"
"lead_harv_1790855784407_861","Exclusive Auto Body, Inc.","Las Vegas","United States","America/Los_Angeles","whatsapp","","","+1 702-247-8962","","5","6","quick question regarding Exclusive Auto Body, .'s operations in Las Vegas","queued"
"lead_harv_1790855799405_862","Dental Walk-In Clinic of Tampa Bay","Tampa","United States","America/New_York","contact_form","","","+1 813-636-9400","http://www.dentalwalkin.com/","4.5","1685","quick question regarding Dental Walk-In Clinic of Tampa Bay's operations in Tampa","queued"
"lead_harv_1790855808200_863","Advanced Dental Care of Tampa","Tampa","United States","America/New_York","contact_form","","","+1 813-603-5109","https://www.adc-fl.com/dentist-office/tampa-fl-33614?utm_source=Google&utm_medium=KnowledgePanel&utm_campaign=Website","4.7","849","quick question regarding Advanced Dental Care of Tampa's operations in Tampa","queued"
"lead_harv_1790855833761_864","South Tampa Dentistry","Tampa","United States","America/New_York","contact_form","","","+1 813-835-0090","https://southtampadentistry.com/","4.9","4132","quick question regarding South Tampa Dentistry's operations in Tampa","queued"
"lead_harv_1790855847813_865","Agoka Dental","Tampa","United States","America/New_York","contact_form","","","+1 813-879-9000","http://www.agokadental.com/","4.9","575","quick question regarding Agoka Dental's operations in Tampa","queued"
"lead_harv_1790855852983_866","Tampa Dentistry","Tampa","United States","America/New_York","contact_form","","","+1 813-333-0633","https://mytampadentistry.com/","4.9","996","quick question regarding Tampa Dentistry's operations in Tampa","queued"
"lead_harv_1790855860800_867","Tampa Smile Co. - South Tampa","Tampa","United States","America/New_York","contact_form","","","+1 813-837-2380","https://tampasmileco.com/south-tampa/","4.9","2033","quick question regarding Tampa Smile . - South Tampa's operations in Tampa","queued"
"lead_harv_1790855866574_868","Weninger Dentistry, PLLC","Tampa","United States","America/New_York","email","smile@weningerdentistry.com","weningerdentistry-com.mail.protection.outlook.com","+1 813-872-7057","https://weningerdentistry.com/?utm_source=Local%20GMB&utm_medium=local%20organic","5","572","quick question regarding Weninger Dentistry, PLLC's operations in Tampa","queued"
"lead_harv_1790855870044_869","Tampa Dental","Tampa","United States","America/New_York","contact_form","","","+1 813-888-9004","https://www.tampadental.com/","4.9","1081","quick question regarding Tampa Dental's operations in Tampa","queued"
"lead_harv_1790855876081_870","Tampa Dentist - Terrace Smiles Dentistry","Tampa","United States","America/New_York","email","business@terracesmiles.com","terracesmiles-com.mail.protection.outlook.com","+1 813-977-7000","https://www.terracesmiles.com/","4.8","1567","quick question regarding Tampa Dentist - Terrace Smiles Dentistry's operations in Tampa","queued"
"lead_harv_1790855879416_871","Dental Associates of Florida - Tampa","Tampa","United States","America/New_York","contact_form","","","+1 813-559-0049","https://smilesincluded.com/dentist-office/tampa-fl-33612?utm_source=Google&utm_medium=KnowledgePanel&utm_campaign=Website","4.7","619","quick question regarding Dental Associates of Florida - Tampa's operations in Tampa","queued"
"lead_harv_1790855884495_872","Jackson Dental","Tampa","United States","America/New_York","contact_form","","","+1 813-686-5748","https://jacksondentaltampa.com/","4.9","1426","quick question regarding Jackson Dental's operations in Tampa","queued"
"lead_harv_1790855889606_873","McIlwain Dental Specialists","Tampa","United States","America/New_York","email","records@mcilwaindentistry.com","mcilwaindentistry-com.mail.protection.outlook.com","+1 813-879-8097","https://mcilwaindentistry.com/","4.9","940","quick question regarding McIlwain Dental Specialists's operations in Tampa","queued"
"lead_harv_1790855894039_874","Tomlinson Dental","Tampa","United States","America/New_York","contact_form","","","+1 813-209-0338","https://www.tomlinsondentalcare.com/","4.9","1041","quick question regarding Tomlinson Dental's operations in Tampa","queued"
"lead_harv_1790855898085_875","North Pointe Dental Of North Tampa","Tampa","United States","America/New_York","email","npda@northpointedental.com","mx1.paubox.com","+1 813-437-1466","https://www.northpointedental.com/","5","1269","quick question regarding North Pointe Dental Of North Tampa's operations in Tampa","queued"
"lead_harv_1790855902119_876","Muscaro & Martini Dentistry","Tampa","United States","America/New_York","email","info@muscaroandmartinidentistry.com","muscaroandmartinidentistry-com.mail.protection.outlook.com","+1 813-839-6999","https://muscaroandmartinidentistry.com/","5","734","quick question regarding Muscaro & Martini Dentistry's operations in Tampa","queued"
"lead_harv_1790855908831_877","Fresh Dental Tampa","Tampa","United States","America/New_York","contact_form","","","+1 813-308-9504","http://www.freshdentalfl.com/","5","367","quick question regarding Fresh Dental Tampa's operations in Tampa","queued"
"lead_harv_1790855910715_878","Affordable Dentures & Implants","Tampa","United States","America/New_York","contact_form","","","+1 656-333-7002","https://www.affordabledentures.com/locations/fl/tampa?utm_source=GMB&utm_medium=Organic_Listing&utm_campaign=20123","4.4","1517","quick question regarding Affordable Dentures & Implants's operations in Tampa","queued"
"lead_harv_1790855910938_879","Urgent Dentist Care","Tampa","United States","America/New_York","whatsapp","","","+1 866-332-0768","","5","2","quick question regarding Urgent Dentist Care's operations in Tampa","queued"
"lead_harv_1790855924039_880","Tampa Palms Dentistry","Tampa","United States","America/New_York","contact_form","","","+1 813-333-1922","https://tampapalmsdentistry.com/","4.8","1274","quick question regarding Tampa Palms Dentistry's operations in Tampa","queued"
"lead_harv_1790855929566_881","Advanced Dental Associates of Tampa Palms","Tampa","United States","America/New_York","email","frontoffice@dentisttampa.com","aspmx.l.google.com","+1 813-972-9077","https://www.dentisttampa.com/","4.9","462","quick question regarding Advanced Dental Associates of Tampa Palms's operations in Tampa","queued"
"lead_harv_1790855937192_882","Heights Dental Tampa","Tampa","United States","America/New_York","contact_form","","","+1 813-578-7887","http://www.heightsdentaltampa.com/","5","315","quick question regarding Heights Dental Tampa's operations in Tampa","queued"
"lead_harv_1790855947913_883","West Tampa Dental","Tampa","United States","America/New_York","contact_form","","","+1 813-877-6574","https://www.westtampadental.com/","4.9","246","quick question regarding West Tampa Dental's operations in Tampa","queued"
"lead_harv_1790855953948_884","Pearl Dental Dr. Rebecca Downie","Tampa","United States","America/New_York","email","info@pearldentaltampa.com","aspmx.l.google.com","+1 813-803-5767","http://pearldentaltampa.com/","4.9","550","quick question regarding Pearl Dental Dr. Rebecca Downie's operations in Tampa","queued"
"lead_harv_1790855958826_885","Playa Family Dentistry","Tampa","United States","America/New_York","contact_form","","","+1 813-722-1050","https://www.playafamilydentistry.com/","4.9","889","quick question regarding Playa Family Dentistry's operations in Tampa","queued"
"lead_harv_1790855964235_886","Dental Health Services","Tampa","United States","America/New_York","email","dhswestshore@yahoo.com","mta7.am0.yahoodns.net","+1 813-286-7353","http://www.dhswestshore.com/","4.9","647","quick question regarding Dental Health Services's operations in Tampa","queued"
"lead_harv_1790855969103_887","Tampa Smiles: John L. Redd II, DMD","Tampa","United States","America/New_York","email","drredd@tampasmiles.com","secure.komailpro.com","+1 813-981-7517","https://www.tampasmiles.com/","4.9","472","quick question regarding Tampa Smiles: John L. Redd II, DMD's operations in Tampa","queued"
"lead_harv_1790855983141_888","Elevate Smiles Dental","Tampa","United States","America/New_York","contact_form","","","+1 813-308-9489","https://elevatesmilesdental.com/?utm_source=organic&utm_medium=gbp&utm_id=local","4.9","280","quick question regarding Elevate Smiles Dental's operations in Tampa","queued"
"lead_harv_1790855989416_889","The Denture Place","Tampa","United States","America/New_York","contact_form","","","+1 813-291-7227","https://www.the-denture-place.com/","4.9","359","quick question regarding The Denture Place's operations in Tampa","queued"
"lead_harv_1790856003447_890","Seminole Heights Family Dentistry","Tampa","United States","America/New_York","contact_form","","","+1 813-882-5211","https://www.sh-dentist.com/","4.9","490","quick question regarding Seminole Heights Family Dentistry's operations in Tampa","queued"
"lead_harv_1790856010236_891","Dental Office of Tampa","Tampa","United States","America/New_York","email","info@dentalofficeoftampa.com","smtp.google.com","+1 813-450-1212","https://www.dentalofficeoftampa.com/","5","112","quick question regarding Dental Office of Tampa's operations in Tampa","queued"
"lead_harv_1790856015128_892","Healthy Smile Clinic, LLC.","Tampa","United States","America/New_York","contact_form","","","+1 888-217-7229","http://dentalimplanttraining.space/","5","2","quick question regarding Healthy Smile Clinic, .'s operations in Tampa","queued"
"lead_harv_1790856022235_893","LAF Dental Studio","Tampa","United States","America/New_York","email","info@lafdentalstudio.com","route1.mx.cloudflare.net","+1 813-532-3847","https://lafdentalstudio.com/","5","168","quick question regarding LAF Dental Studio's operations in Tampa","queued"
"lead_harv_1790856028359_894","Flex Dental","Tampa","United States","America/New_York","email","frontdesk@flex-dental.com","aspmx.l.google.com","+1 813-999-1092","https://www.flex-dental.com/","4.9","489","quick question regarding Flex Dental's operations in Tampa","queued"
"lead_harv_1790856033186_895","North Tampa Family Dental","Tampa","United States","America/New_York","contact_form","","","+1 813-553-7120","https://northtampafamilydental.com/?utm_source=google&utm_medium=orga%20nic&utm_campaign=gbp&utm_content=ntf_tampa","4.8","399","quick question regarding North Tampa Family Dental's operations in Tampa","queued"
"lead_harv_1790856040202_896","Modern Dental Care","Tampa","United States","America/New_York","email","email@email.com","mx00.mail.com","+1 813-870-0480","https://www.smilesonarmenia.com/","4.8","221","quick question regarding Modern Dental Care's operations in Tampa","queued"
"lead_harv_1790856045332_897","Florida Special Care Dentistry","Tampa","United States","America/New_York","email","tampa@drpowless.com","aspmx.l.google.com","+1 813-251-2314","http://flspecialcaredentistry.com/","4.9","401","quick question regarding Florida Special Care Dentistry's operations in Tampa","queued"
"lead_harv_1790856050540_898","Obeck Comprehensive Dental","Tampa","United States","America/New_York","contact_form","","","+1 813-253-5379","http://obeckdental.com/","5","448","quick question regarding Obeck Comprehensive Dental's operations in Tampa","queued"
"lead_harv_1790856055080_899","Sunshine Dentistry - Tampa FL","Tampa","United States","America/New_York","contact_form","","","+1 813-269-9360","https://www.sunshinedentistrytampa.com/?link=gmb","4.8","665","quick question regarding Sunshine Dentistry - Tampa FL's operations in Tampa","queued"
"lead_harv_1790856057491_900","Nuvia Dental Implant Center","Tampa","United States","America/New_York","contact_form","","","+1 813-212-7653","https://www.nuviasmiles.com/locations/dental-implants-tampa-florida?o_source=Organic&o_medium=Website&o_campaign=GMB&o_term=Tampa","4.9","2244","quick question regarding Nuvia Dental Implant Center's operations in Tampa","queued"
"lead_harv_1790856061998_901","Great Expressions Dental Centers - Downtown","Tampa","United States","America/New_York","contact_form","","","+1 813-257-9475","https://www.greatexpressions.com/dental-offices/dentist-in-tampa-florida-n-12th-st/?utm_source=google&utm_medium=gbp&utm_campaign=gedc_phase_3&utm_content=Downtown","4.5","577","quick question regarding Great Expressions Dental Centers - Downtown's operations in Tampa","queued"
"lead_harv_1790856069734_902","Advanced Dental Associates of South Tampa","Tampa","United States","America/New_York","contact_form","","","+1 813-831-8588","https://www.dentistrysouthtampa.com/","4.9","303","quick question regarding Advanced Dental Associates of South Tampa's operations in Tampa","queued"
"lead_harv_1790856075682_903","Great Expressions Dental Centers - Tampa Bay","Tampa","United States","America/New_York","contact_form","","","+1 813-237-1982","https://www.greatexpressions.com/dental-offices/dentist-in-tampa-florida-w-dr-martin-luther-king-jr-boulevard/","3.8","470","quick question regarding Great Expressions Dental Centers - Tampa Bay's operations in Tampa","queued"
"lead_harv_1790856077748_904","Habana Dental Care","Tampa","United States","America/New_York","contact_form","","","+1 813-873-0271","https://www.habanadentalcare.com/","4.8","510","quick question regarding Habana Dental Care's operations in Tampa","queued"
"lead_harv_1790856081576_905","Modern Day Smiles Dentistry","Tampa","United States","America/New_York","email","sheldon@moderndaysmiles.com","aspmx.l.google.com","+1 813-723-3809","https://www.moderndaysmiles.com/treatments/tampa?utm_campaign=gmb","4.8","512","quick question regarding Modern Day Smiles Dentistry's operations in Tampa","queued"
"lead_harv_1790856093745_906","Tampa Family Health Centers","Tampa","United States","America/New_York","email","tfhccustomerservice@tfhc.org","tfhc-org.mail.protection.outlook.com","+1 813-397-5300","https://www.tfhc.org/?utm_source=GMBSocialClimb&utm_medium=TampaFamilyHealthCenters","4.5","2542","quick question regarding Tampa Family Health Centers's operations in Tampa","queued"
"lead_harv_1790856104385_907","Dr. Nick’s White & Healthy Dentistry","Tampa","United States","America/New_York","email","info@whiteandhealthy.com","whiteandhealthy-com.mail.protection.outlook.com","+1 813-445-7162","https://whiteandhealthy.com/","4.9","537","quick question regarding Dr. Nick’s White & Healthy Dentistry's operations in Tampa","queued"
"lead_harv_1790856113278_908","Giunta Dentistry Tampa","Tampa","United States","America/New_York","email","matthewgiuntadmd@gmail.com","gmail-smtp-in.l.google.com","+1 813-875-9367","https://www.giuntadentistry.com/","4.9","458","quick question regarding Giunta Dentistry Tampa's operations in Tampa","queued"
"lead_harv_1790856118707_909","Dentistry On Swann","Tampa","United States","America/New_York","email","info@dentistryonswann.com","aspmx.l.google.com","+1 813-879-6370","http://www.dentistryonswann.com/","4.9","986","quick question regarding Dentistry On Swann's operations in Tampa","queued"
"lead_harv_1790856123843_910","Sunshine Creative Smiles | Anala Panchumarti, DMD","Tampa","United States","America/New_York","email","doctor@sunshinecreativesmiles.com","aspmx.l.google.com","+1 813-876-1200","https://www.sunshinecreativesmiles.com/","4.8","586","quick question regarding Sunshine Creative Smiles | Anala Panchumarti, DMD's operations in Tampa","queued"
"lead_harv_1790856127584_911","Coast Dental","Tampa","United States","America/New_York","email","southtampa@coastdental.com","coastdental-com.mail.protection.outlook.com","+1 813-254-6838","https://www.coastdental.com/dentist-office/tampa-fl-33629?utm_source=gmb&utm_medium=organic","4.5","670","quick question regarding Coast Dental's operations in Tampa","queued"
"lead_harv_1790856128274_912","Coast Dental","Tampa","United States","America/New_York","email","hydepark@coastdental.com","coastdental-com.mail.protection.outlook.com","+1 813-871-6050","https://www.coastdental.com/dentist-office/tampa-fl-33609?utm_source=gmb&utm_medium=organic","4.5","685","quick question regarding Coast Dental's operations in Tampa","queued"
"lead_harv_1790856130180_913","Sage Dental of South Tampa","Tampa","United States","America/New_York","contact_form","","","+1 813-324-3729","https://mysagedental.com/south-tampa?utm_source=Google&utm_medium=Business_Listing","4.6","406","quick question regarding Sage Dental of South Tampa's operations in Tampa","queued"
"lead_harv_1790856136584_914","EDKIN Dental Ion Rotaru DMD & Miguel A Lopez Jr DMD PA","Tampa","United States","America/New_York","email","info@edkindental.com","aspmx.l.google.com","+1 813-229-7427","https://www.drlopezdental.com/","5","381","quick question regarding EDKIN Dental Ion Rotaru DMD & Miguel A Lopez Jr DMD PA's operations in Tampa","queued"
"lead_harv_1790856161692_915","Bay Cosmetic Dentistry","Tampa","United States","America/New_York","email","administration@baycosmeticdental.com","mail6.enguard.com","+1 813-254-1007","https://www.baycosmeticdentistry.org/","4.8","652","quick question regarding Bay Cosmetic Dentistry's operations in Tampa","queued"
"lead_harv_1790856166295_916","Ruppel Dentistry","Tampa","United States","America/New_York","email","office@ruppeldentistry.com","mx1-us1.ppe-hosted.com","+1 813-639-9788","https://ruppeldentistry.com/","4.9","332","quick question regarding Ruppel Dentistry's operations in Tampa","queued"
"lead_harv_1790856166778_917","Erwin Dental Clinic at Erwin Technical College","Tampa","United States","America/New_York","whatsapp","","","+1 813-238-7725","","3.4","30","quick question regarding Erwin Dental Clinic at Erwin Technical College's operations in Tampa","queued"
"lead_harv_1790856170230_918","Tampa Family Health Centers","Tampa","United States","America/New_York","email","tfhccustomerservice@tfhc.org","tfhc-org.mail.protection.outlook.com","+1 813-397-5300","https://www.tfhc.org/?utm_source=GMBSocialClimb&utm_medium=TampaFamilyHealthCenters","4.6","945","quick question regarding Tampa Family Health Centers's operations in Tampa","queued"
"lead_harv_1790856177570_919","Emergency Dental Care USA","Tampa","United States","America/New_York","contact_form","","","+1 813-491-8111","https://www.emergencydental.com/tampa/?utm_source=google&utm_medium=organic&utm_campaign=gbp&utm_content=tampa-fl","4","303","quick question regarding Emergency Dental Care USA's operations in Tampa","queued"
"lead_harv_1790856183504_920","Greenberg Dental & Orthodontics","Tampa","United States","America/New_York","contact_form","","","+1 813-365-3021","https://www.greenbergdental.com/offices/central-tampa","4.2","584","quick question regarding Greenberg Dental & Orthodontics's operations in Tampa","queued"
"lead_harv_1790856194441_921","Tampa Bay Dental,Inc","Tampa","United States","America/New_York","contact_form","","","+1 866-332-1005","https://tampabaydentalteam.com/","4.5","2","quick question regarding Tampa Bay Dental,'s operations in Tampa","queued"
"lead_harv_1790856210455_922","American Plumbing Co | Plumber in San Diego","San Diego","United States","America/Los_Angeles","email","info@plumbersandiegoonline.com","mx1.hostinger.com","+1 619-723-1114","https://plumbersandiegoonline.com/","5","391","quick question regarding American Plumbing  | Plumber in San Diego's operations in San Diego","queued"
"lead_harv_1790856218584_923","Courtesy Plumbing Inc.","San Diego","United States","America/Los_Angeles","email","info@courtesyplumbing.com","mx.zoho.com","+1 858-567-0544","https://courtesyplumbing.com/","5","1205","quick question regarding Courtesy Plumbing .'s operations in San Diego","queued"
"lead_harv_1790856225623_924","Collins Pacific Plumbing, Inc.","San Diego","United States","America/Los_Angeles","contact_form","","","+1 858-361-4140","http://collinspacific.com/","4.9","425","quick question regarding Collins Pacific Plumbing, .'s operations in San Diego","queued"
"lead_harv_1790856228462_925","Bill Howe Plumbing, Heating & Air, Restoration & Flood Services","San Diego","United States","America/Los_Angeles","contact_form","","","+1 619-317-1809","https://www.billhowe.com/?utm_source=google&utm_medium=organic&utm_campaign=GMB_SanDiego","4.8","6039","quick question regarding Bill Howe Plumbing, Heating & Air, Restoration & Flood Services's operations in San Diego","queued"
"lead_harv_1790856233677_926","Exodus Plumbing, Inc","San Diego","United States","America/Los_Angeles","contact_form","","","+1 858-354-8185","https://www.exodusplumbing.com/","4.9","720","quick question regarding Exodus Plumbing,'s operations in San Diego","queued"
"lead_harv_1790856239552_927","All American Plumbing Inc.","San Diego","United States","America/Los_Angeles","email","allamericanplumbingsd@gmail.com","gmail-smtp-in.l.google.com","+1 858-842-7876","http://plumbing-sandiego.net/","5","1857","quick question regarding All American Plumbing .'s operations in San Diego","queued"
"lead_harv_1790856245441_928","Fraser Plumbing of San Diego","San Diego","United States","America/Los_Angeles","email","info@fraserplumbinginc.com","fraserplumbinginc.com","+1 619-332-0275","https://fraserplumbinginc.com/","4.8","301","quick question regarding Fraser Plumbing of San Diego's operations in San Diego","queued"
"lead_harv_1790856253602_929","Black Mountain Plumbing","San Diego","United States","America/Los_Angeles","email","hcp@blackmountainplumbing.com","aspmx.l.google.com","+1 858-536-4161","https://blackmountainplumbing.com/?utm_source=google_profile&utm_campaign=localo&utm_medium=mainlink","4.8","1675","quick question regarding Black Mountain Plumbing's operations in San Diego","queued"
"lead_harv_1790856266441_930","Almco Plumbing & Drain Services San Diego","San Diego","United States","America/Los_Angeles","email","office@almcoplumbing.com","aspmx.l.google.com","+1 858-544-6331","https://almcoplumbing.com/?utm_source=google&utm_medium=organic&utm_campaign=gmb","4.9","343","quick question regarding Almco Plumbing & Drain Services San Diego's operations in San Diego","queued"
"lead_harv_1790856274613_931","Anderson Plumbing, Heating & Air","San Diego","United States","America/Los_Angeles","contact_form","","","+1 619-320-1884","https://www.andersonplumbingheatingandair.com/service-areas/san-diego/?utm_source=google&utm_medium=organic&utm_campaign=GMBListing-San-Diego-California","4.8","6527","quick question regarding Anderson Plumbing, Heating & Air's operations in San Diego","queued"
"lead_harv_1790856286663_932","Core Plumbing","San Diego","United States","America/Los_Angeles","email","info@coreplumbingsd.com","coreplumbingsd-com.mail.protection.outlook.com","+1 858-295-7746","https://coreplumbingsd.com/?utm_campaign=gmb","4.8","1418","quick question regarding Core Plumbing's operations in San Diego","queued"
"lead_harv_1790856291608_933","Perry Plumbing & Pipelining","San Diego","United States","America/Los_Angeles","email","info@perryplumbingco.com","perryplumbingco-com.mail.protection.outlook.com","+1 619-472-2112","https://perryplumbing.com/","4.9","982","quick question regarding Perry Plumbing & Pipelining's operations in San Diego","queued"
"lead_harv_1790856298101_934","Frankie's Plumbing","San Diego","United States","America/Los_Angeles","email","info@frankiesplumbing.us","mx1-us1.ppe-hosted.com","+1 619-395-5254","https://www.frankiesplumbing.us/","5","338","quick question regarding Frankie's Plumbing's operations in San Diego","queued"
"lead_harv_1790856308381_935","Ascend Plumbing - San Diego CA","San Diego","United States","America/Los_Angeles","email","contact@ascendplumbing.com","ascendplumbing-com.mail.protection.outlook.com","+1 858-800-1141","https://ascendplumbing.com/","5","797","quick question regarding Ascend Plumbing - San Diego CA's operations in San Diego","queued"
"lead_harv_1790856313404_936","HomePro Plumbing and Drains","San Diego","United States","America/Los_Angeles","email","info@homeproplumbingsd.com","mail.homeproplumbingsd.com","+1 858-251-7070","https://homeproplumbingsd.com/","5","217","quick question regarding HomePro Plumbing and Drains's operations in San Diego","queued"
"lead_harv_1790856317708_937","John Padilla Plumbing, Sewer and Drains","San Diego","United States","America/Los_Angeles","contact_form","","","+1 858-905-7074","https://www.jpplumbers.com/","4.7","1038","quick question regarding John Padilla Plumbing, Sewer and Drains's operations in San Diego","queued"
"lead_harv_1790856320731_938","United Plumbing Heating Air & Electric","San Diego","United States","America/Los_Angeles","email","unitedwestand95@yahoo.com","mta7.am0.yahoodns.net","+1 858-215-6765","https://localunitedservices.com/?utm_source=local&utm_medium=organic&utm_campaign=gmb","4.9","1784","quick question regarding United Plumbing Heating Air & Electric's operations in San Diego","queued"
"lead_harv_1790856323136_939","Point Loma Electric, Plumbing, Heating & Air","San Diego","United States","America/Los_Angeles","contact_form","","","+1 619-738-3101","http://pointlomahomepros.com/","4.9","1674","quick question regarding Point Loma Electric, Plumbing, Heating & Air's operations in San Diego","queued"
"lead_harv_1790856328530_940","Colepepper Plumbing","San Diego","United States","America/Los_Angeles","contact_form","","","+1 619-838-1322","http://www.colepepperplumbing.com/?utm_source=google&utm_medium=googlemaps","4.7","1692","quick question regarding Colepepper Plumbing's operations in San Diego","queued"
"lead_harv_1790856338940_941","Ideal Plumbing Heating Air Electrical","San Diego","United States","America/Los_Angeles","email","ideal@idealservice.com","idealservice-com.mail.protection.outlook.com","+1 619-320-5990","https://idealservice.com/?utm_source=google-gbp&utm_medium=organic&utm_campaign=*384*ideal-plumbing-san-diego","4.8","230","quick question regarding Ideal Plumbing Heating Air Electrical's operations in San Diego","queued"
"lead_harv_1790856349040_942","All Aloha Plumbing San Diego","San Diego","United States","America/Los_Angeles","contact_form","","","+1 619-776-3312","https://callallaloha.com/","4.9","317","quick question regarding All Aloha Plumbing San Diego's operations in San Diego","queued"
"lead_harv_1790856365144_943","PlumbTech","San Diego","United States","America/Los_Angeles","email","plumber@plumbtechpros.com","smtp.google.com","+1 800-388-8149","https://plumbtechpros.com/","4.9","77","quick question regarding PlumbTech's operations in San Diego","queued"
"lead_harv_1790856372337_944","Discount Plumbing San Diego","San Diego","United States","America/Los_Angeles","contact_form","","","+1 619-329-8394","https://www.discountplumbingsandiego.com/?utm_campaign=gmb","4.6","263","quick question regarding Discount Plumbing San Diego's operations in San Diego","queued"
"lead_harv_1790856379921_945","Rooter Hero Plumbing of San Diego","San Diego","United States","America/Los_Angeles","contact_form","","","+1 619-577-4417","https://www.rooterhero.com/?utm_source=GBPlisting&utm_medium=organic","4.8","1233","quick question regarding Rooter Hero Plumbing of San Diego's operations in San Diego","queued"
"lead_harv_1790856387066_946","Mr. Rooter Plumbing of San Diego County","San Diego","United States","America/Los_Angeles","contact_form","","","+1 858-278-7600","https://www.mrrooter.com/san-diego-county/","4.7","559","quick question regarding Mr. Rooter Plumbing of San Diego County's operations in San Diego","queued"
"lead_harv_1790856400110_947","Trustworthy Plumbing","San Diego","United States","America/Los_Angeles","email","info@trustworthyplumbingsd.com","trustworthyplumbingsd-com.mail.protection.outlook.com","+1 858-289-0334","http://trustworthyplumbingsd.com/?utm_source=google&utm_medium=organic&utm_campaign=gbp","5","67","quick question regarding Trustworthy Plumbing's operations in San Diego","queued"
"lead_harv_1790856408714_948","Elite Rooter Plumbers","San Diego","United States","America/Los_Angeles","email","service@eliterootermgt.com","eliterootermgt-com.mail.protection.outlook.com","+1 619-626-1272","https://www.eliterooter.com/location/san-diego/?utm_source=google&utm_medium=organic&utm_campaign=gmb","4.8","2741","quick question regarding Elite Rooter Plumbers's operations in San Diego","queued"
"lead_harv_1790856421851_949","JG Water Heaters, Filtration and Plumbing","San Diego","United States","America/Los_Angeles","email","support@jgwaterheaters.com","smtp.secureserver.net","+1 858-295-1005","https://jgwaterheaters.com/","5","274","quick question regarding JG Water Heaters, Filtration and Plumbing's operations in San Diego","queued"
"lead_harv_1790856429153_950","RDZ Plumbing And Drains","San Diego","United States","America/Los_Angeles","email","admin@rdzplumbing.com","aspmx.l.google.com","+1 619-560-6337","https://www.rdzplumbing.com/","4.7","57","quick question regarding RDZ Plumbing And Drains's operations in San Diego","queued"
"lead_harv_1790856441635_951","Plumbing Tree","San Diego","United States","America/Los_Angeles","email","info@plumbingtreesd.com","plumbingtreesd-com.mail.protection.outlook.com","+1 858-859-9555","https://plumbingtreesd.com/?utm_source=GMBmain&utm_medium=organic","4.8","289","quick question regarding Plumbing Tree's operations in San Diego","queued"
"lead_harv_1790856445208_952","Prompt Plumbing San Diego","San Diego","United States","America/Los_Angeles","contact_form","","","+1 619-325-6016","https://promptplumbingsandiego.com/","5","20","quick question regarding Prompt Plumbing San Diego's operations in San Diego","queued"
"lead_harv_1790856452241_953","Arrow Plumbing and Drain Services Inc.","San Diego","United States","America/Los_Angeles","email","info@arrowplumbingservice.com","aspmx.l.google.com","+1 858-207-4640","https://arrowplumbingservice.com/?utm_source=google&utm_medium=organic&utm_campaign=gbp&utm_content=website","4.9","134","quick question regarding Arrow Plumbing and Drain Services .'s operations in San Diego","queued"
"lead_harv_1790856454315_954","Pros Plumbing San Diego Services","San Diego","United States","America/Los_Angeles","contact_form","","","+1 858-384-8078","http://proplumbingsandiegoservices.com/","4.8","18","quick question regarding Pros Plumbing San Diego Services's operations in San Diego","queued"
"lead_harv_1790856460260_955","Jakobsen Plumbing","San Diego","United States","America/Los_Angeles","email","officesd@jakobsenplumbing.com","smtp.google.com","+1 858-326-8430","https://jakobsenplumbing.com/","5","45","quick question regarding Jakobsen Plumbing's operations in San Diego","queued"
"lead_harv_1790856466000_956","Smith Brothers Plumbing","San Diego","United States","America/Los_Angeles","contact_form","","","+1 619-340-2300","https://sandiegoplumbing.pro/","4.9","16","quick question regarding Smith Brothers Plumbing's operations in San Diego","queued"
"lead_harv_1790856470051_957","Urban San Diego Plumbing Solutions","San Diego","United States","America/Los_Angeles","email","info@urbansandiegoplumbingsolutions.com","mx.stackmail.com","+1 760-581-9455","http://urbansandiegoplumbingsolutions.com/","4.6","11","quick question regarding Urban San Diego Plumbing Solutions's operations in San Diego","queued"
"lead_harv_1790856472877_958","Point Loma Plumbing, Drains, and Water Heaters","San Diego","United States","America/Los_Angeles","contact_form","","","+1 619-273-5970","https://pointlomahomepros.com/","4.9","274","quick question regarding Point Loma Plumbing, Drains, and Water Heaters's operations in San Diego","queued"
"lead_harv_1790856477341_959","Clear Vision Plumbing","San Diego","United States","America/Los_Angeles","email","info@clearvisionplumbing.com","smtp.google.com","+1 619-808-4496","https://clearvisionplumbing.com/","4.9","129","quick question regarding Clear Vision Plumbing's operations in San Diego","queued"
"lead_harv_1790856482348_960","Powers Plumbing Heating","San Diego","United States","America/Los_Angeles","contact_form","","","+1 619-295-2115","https://powersplumbingsd.com/?y_source=1_Mjc2OTYyMzgtNzE1LWxvY2F0aW9uLndlYnNpdGU=","4.7","496","quick question regarding Powers Plumbing Heating's operations in San Diego","queued"
"lead_harv_1790856486147_961","Cali's Choice Plumbing & Restoration - 24 Hour Emergency Plumber","San Diego","United States","America/Los_Angeles","email","jane@email.com","mx00.mail.com","+1 760-259-2456","https://www.calischoice.com/?utm_source=google&utm_medium=organic&utm_id=gbp_rancho-bernardo","5","26","quick question regarding Cali's Choice Plumbing & Restoration - 24 Hour Emergency Plumber's operations in San Diego","queued"
"lead_harv_1790856493626_962","Colepepper Plumbing","San Diego","United States","America/Los_Angeles","contact_form","","","+1 619-505-0125","https://www.colepepperplumbing.com/our-services/plumbing/?utm_source=google&utm_medium=local&utm_campaign=gbp_san_diego_state_st","4.8","194","quick question regarding Colepepper Plumbing's operations in San Diego","queued"
"lead_harv_1790856502548_963","HPS Plumbing Services","San Diego","United States","America/Los_Angeles","contact_form","","","+1 858-537-5110","https://www.hpsmechanicalsd.com/?utm_source=GMB&utm_medium=organic&utm_campaign=sandiego","4.9","34","quick question regarding HPS Plumbing Services's operations in San Diego","queued"
"lead_harv_1790856508043_964","Able Plumbing & Drain Service","San Diego","United States","America/Los_Angeles","email","plumber92123@gmail.com","gmail-smtp-in.l.google.com","+1 619-985-8204","https://san-diego-plumbing.com/","5","21","quick question regarding Able Plumbing & Drain Service's operations in San Diego","queued"
"lead_harv_1790856513229_965","Almco Plumbing","San Diego","United States","America/Los_Angeles","contact_form","","","+1 619-202-1390","https://epoxypipeline.com/","5","1","quick question regarding Almco Plumbing's operations in San Diego","queued"
"lead_harv_1790856518999_966","Primo Plumbing","San Diego","United States","America/Los_Angeles","contact_form","","","+1 619-691-6829","https://primo4plumbing.com/","5","163","quick question regarding Primo Plumbing's operations in San Diego","queued"
"lead_harv_1790856522940_967","Solid Plumbing & Drains Inc","San Diego","United States","America/Los_Angeles","email","solidplumbingdrains@gmail.com","gmail-smtp-in.l.google.com","+1 619-597-2566","https://solidplumbingdrains.com/san-diego-county/san-diego/","5","45","quick question regarding Solid Plumbing & Drains's operations in San Diego","queued"
"lead_harv_1790856528397_968","True Plumbing","San Diego","United States","America/Los_Angeles","email","info@trueplumbing.co","aspmx.l.google.com","+1 760-637-5355","http://trueplumbing.co/","4.8","229","quick question regarding True Plumbing's operations in San Diego","queued"
"lead_harv_1790856531483_969","Lefty’s Plumbing","San Diego","United States","America/Los_Angeles","email","rt.leftys@gmail.com","gmail-smtp-in.l.google.com","+1 619-717-4152","http://www.leftysplumbingservice.com/","4.9","51","quick question regarding Lefty’s Plumbing's operations in San Diego","queued"
"lead_harv_1790856534957_970","Emory Plumbing","San Diego","United States","America/Los_Angeles","email","info@myemory.com","myemory-com.mail.protection.outlook.com","+1 858-483-6880","https://myemory.com/","4.5","89","quick question regarding Emory Plumbing's operations in San Diego","queued"
"lead_harv_1790856548680_971","Quick Repair Quick Rooter","San Diego","United States","America/Los_Angeles","contact_form","","","+1 619-440-4424","http://www.quickrepairquickrooterplumber.com/","5","126","quick question regarding Quick Repair Quick Rooter's operations in San Diego","queued"
"lead_harv_1790856568992_972","Best Plumbing and Drains of San Diego LLC","San Diego","United States","America/Los_Angeles","contact_form","","","+1 619-678-2444","https://plumbernormalheightssandiego.com/","5","6","quick question regarding Best Plumbing and Drains of San Diego's operations in San Diego","queued"
"lead_harv_1790856579101_973","United Plumbing and Water Heaters","San Diego","United States","America/Los_Angeles","contact_form","","","+1 916-880-6111","https://plumbing-united.com/sandiego/?utm_source=gmb&utm_medium=sandiego","4.8","80","quick question regarding United Plumbing and Water Heaters's operations in San Diego","queued"
"lead_harv_1790856582878_974","Pro Plumber San Diego","San Diego","United States","America/Los_Angeles","contact_form","","","+1 858-299-1820","https://proplumbersandiego.com/","5","15","quick question regarding Pro Plumber San Diego's operations in San Diego","queued"
"lead_harv_1790856587194_975","Coastal Rooter - San Diego Plumbing","San Diego","United States","America/Los_Angeles","contact_form","","","+1 760-893-9152","https://coastalrooterca.com/san-diego/","4.8","28","quick question regarding Coastal Rooter - San Diego Plumbing's operations in San Diego","queued"
"lead_harv_1790856588796_976","Tyler James Plumbing","San Diego","United States","America/Los_Angeles","email","tylerjamesplumbingllc@gmail.com","gmail-smtp-in.l.google.com","+1 858-869-4272","https://www.tylerjamesplumbing.com/","5","12","quick question regarding Tyler James Plumbing's operations in San Diego","queued"
"lead_harv_1790856594333_977","Glick Roofing Systems LLC","Nashville","United States","America/Chicago","email","info@glickroofing.com","aspmx.l.google.com","+1 615-265-0598","http://www.glickroofingsystems.com/","5","71","quick question regarding Glick Roofing Systems's operations in Nashville","queued"
"lead_harv_1790856594837_978","ACS Commercial Roofing","Nashville","United States","America/Chicago","whatsapp","","","+1 615-346-5590","","4.5","16","quick question regarding ACS Commercial Roofing's operations in Nashville","queued"
"lead_harv_1790856607402_979","TALTEK Commercial Roofing","Nashville","United States","America/Chicago","email","sales@taltekroofing.com","taltekroofing-com.inbound.emailservice.io","+1 615-448-6349","https://taltekroofing.com/","4.7","118","quick question regarding TALTEK Commercial Roofing's operations in Nashville","queued"
"lead_harv_1790856617062_980","MidSouth Construction","Nashville","United States","America/Chicago","email","info@midsouthconstruction.net","midsouthconstruction-net.mail.protection.outlook.com","+1 615-712-8893","https://www.roofingbymidsouth.com/?utm_source=google&utm_medium=organic&utm_campaign=gbp_listing","4.9","1111","quick question regarding MidSouth Construction's operations in Nashville","queued"
"lead_harv_1790856620882_981","Southern Roofing Co.","Nashville","United States","America/Chicago","email","info@srctn.com","srctn-com.mx1.arsmtp.com","+1 615-320-1045","https://srctn.com/","4.9","122","quick question regarding Southern Roofing .'s operations in Nashville","queued"
"lead_harv_1790856623443_982","Maxwell Roofing & Sheet Metal, Inc.","Nashville","United States","America/Chicago","contact_form","","","+1 615-227-5154","https://www.maxwellroofing.com/?utm_source=google_my_business_nashville&utm_medium=organic&utm_campaign=google%20my%20business&utm_content=website_click","4.8","41","quick question regarding Maxwell Roofing & Sheet Metal, .'s operations in Nashville","queued"
"lead_harv_1790856630847_983","Centennial Roofing","Nashville","United States","America/Chicago","contact_form","","","+1 615-994-6575","https://www.betterroof.com/","5","1041","quick question regarding Centennial Roofing's operations in Nashville","queued"
"lead_harv_1790856635556_984","Don Kennedy","Nashville","United States","America/Chicago","contact_form","","","+1 629-276-3360","http://donkennedyroofing.com/?spdirect=yviun3dnnl&utm_source=gbp&utm_medium=organic&utm_campaign=nsh-na-gbp-con-all-all-all-reglr-current-reglr-na-na-gpb_listing","4.8","959","quick question regarding Don Kennedy's operations in Nashville","queued"
"lead_harv_1790856639340_985","RSS-Nashville, Inc.","Nashville","United States","America/Chicago","email","info@rssnashville.com","aspmx.l.google.com","+1 615-350-6200","https://www.rssnashville.com/","5","18","quick question regarding RSS-Nashville, .'s operations in Nashville","queued"
"lead_harv_1790856641814_986","The Metal Roofers","Nashville","United States","America/Chicago","contact_form","","","+1 615-649-5002","https://www.themetalroofers.com/?utm_campaign=gmb","4.9","152","quick question regarding The Metal Roofers's operations in Nashville","queued"
"lead_harv_1790856648188_987","Bone Dry Roofing","Nashville","United States","America/Chicago","contact_form","","","+1 629-225-7067","https://www.bonedry.com/nashville/?utm_source=directories&utm_medium=directories&utm_id=BDR-DIG-DIR-GENI-NASH-PHO-GMB-202402-GBPLISTINGNASHVILLE","4.8","328","quick question regarding Bone Dry Roofing's operations in Nashville","queued"
"lead_harv_1790856652732_988","Storm Guard Roofing","Nashville","United States","America/Chicago","contact_form","","","+1 615-619-5197","https://www.stormguardrc.com/tn/nashville/franklin-tn/?utm_campaign=gmb&utm_medium=organic","5","857","quick question regarding Storm Guard Roofing's operations in Nashville","queued"
"lead_harv_1790856656436_989","Nashville Roofing Company","Nashville","United States","America/Chicago","email","info@nashvilleroofingco.com","mail.nashvilleroofingco.com","+1 615-800-4355","https://nashvilleroofingco.com/","5","80","quick question regarding Nashville Roofing Company's operations in Nashville","queued"
"lead_harv_1790856661144_990","Ragan Roofing","Nashville","United States","America/Chicago","email","info@raganroofing.com","aspmx.l.google.com","+1 615-350-6300","http://raganroofing.com/","4.9","159","quick question regarding Ragan Roofing's operations in Nashville","queued"
"lead_harv_1790856662764_991","Nashville Roofing Company","Nashville","United States","America/Chicago","email","info@nashvilleroofingco.com","mail.nashvilleroofingco.com","+1 615-800-4355","https://nashvilleroofingco.com/","5","39","quick question regarding Nashville Roofing Company's operations in Nashville","queued"
"lead_harv_1790856673682_992","Mr. Roof Nashville","Nashville","United States","America/Chicago","email","smile@mrroof.com","usb-smtp-inbound-1.mimecast.com","+1 615-208-3245","https://www.mrroof.com/nashville/?utm_source=google&utm_medium=gbp&utm_campaign=GBP%20Click%20to%20Website&utm_location=21626","4.7","688","quick question regarding Mr. Roof Nashville's operations in Nashville","queued"
"lead_harv_1790856684937_993","Terry Woodall Roofing Contractors","Nashville","United States","America/Chicago","contact_form","","","+1 615-300-6005","https://terrywoodallroofing.com/","4.9","152","quick question regarding Terry Woodall Roofing Contractors's operations in Nashville","queued"
"lead_harv_1790856688995_994","Man of Steel Roofer of Nashville TN","Nashville","United States","America/Chicago","contact_form","","","+1 615-601-3063","https://nashvilleroofer.manofsteelresources.com/","4.8","25","quick question regarding Man of Steel Roofer of Nashville TN's operations in Nashville","queued"
"lead_harv_1790856693296_995","US Commercial Roofing","Nashville","United States","America/Chicago","email","contact@uscommercialroofing.com","aspmx.l.google.com","+1 865-766-3464","http://www.knoxvillecommercialroofing.com/","4.6","10","quick question regarding US Commercial Roofing's operations in Nashville","queued"
"lead_harv_1790856699725_996","Phoenix Roofing and Renovations","Nashville","United States","America/Chicago","email","office@phoenixrnr.com","mx1.hostinger.com","+1 629-356-5356","https://www.phoenixrnr.com/","4.9","92","quick question regarding Phoenix Roofing and Renovations's operations in Nashville","queued"
"lead_harv_1790856717689_997","Bill Ragan Roofing Company","Nashville","United States","America/Chicago","contact_form","","","+1 615-242-0333","https://www.billraganroofing.com/","4.9","249","quick question regarding Bill Ragan Roofing Company's operations in Nashville","queued"
"lead_harv_1790856720182_998","Priority Roofing","Nashville","United States","America/Chicago","email","office@priorityroofs.com","aspmx.l.google.com","+1 615-571-9638","https://priorityroofs.com/location/nashville/","5","151","quick question regarding Priority Roofing's operations in Nashville","queued"
"lead_harv_1790856723801_999","Roof Choice: the best choice in commercial roofing","Nashville","United States","America/Chicago","contact_form","","","+1 615-500-6297","https://roofchoicetn.com/","3.7","3","quick question regarding Roof Choice: the best choice in commercial roofing's operations in Nashville","queued"